PWSID,Supply Name,Population Served (2025),LSL replaced 2021,LSL replaced 2022,LSL replaced 2023,LSL replaced 2024,Grand Total of Lead Service Lines Replaced 2 21 2024,Lead in CDSMI,GPCL in CDSMI,Unknown in CDSMI,Total to be identified or replaced,% Replaced to Date,Non lead,Total Service Lines,Most Recent Lead Action Level Exceedance
MI0000011,ACME TOWNSHIP   HOPE VILLAGE,128,,,,,,0,0,0,0,,1,1, 
MI0000465,BAY AREA WATER SYSTEM,,,,,,,0,0,0,0, ,0,0, 
MI0000012,ADA TOWNSHIP,"7,068",,,,,,0,0,0,0, ,"2,431","2,431", 
MI0001995,EAST LANSING MERIDIAN WATER AUTHORITY,,,,,,,0,0,0,0, ,0,0, 
MI0000030,ADDISON,605,,,,,,0,0,,0, ,118,152, 
MI0002836,GRATIOT AREA WATER AUTHORITY,,,,,,,0,0,0,0, ,0,0, 
MI0001352,ADVENTURE ACRES,75,,,,,,0,0,0,0, ,1,1, 
MI0000070,AKRON,402,,,,,,0,0,0,0, ,202,202, 
MI0000072,AKRON TOWNSHIP,219,,,,,,0,0,0,0, ,98,98, 
MI0003317,HURON REGIONAL WATER AUTHORITY,,,,,,,,,,0, ,,0, 
MI0000082,ALABASTER TOWNSHIP,86,,,,,,0,0,0,0, ,45,45, 
MI0003319,HURON SHORE REGIONAL UTILITY AUTHORITY,,,,,,,,,,0, ,,0, 
MI0060085,ALAMO COVE NURSING HOME,100,,,,,,0,0,0,0, ,3,3, 
MI0040458,ALAN'S PARK   DURAND,41,,,,,,0,0,0,0, ,157,157, 
MI0003563,KAREGNONDI WATER AUTHORITY,,,,,,,0,0,0,0, ,0,0, 
MI0040319,ALAN'S PARK   FOWLERVILLE,350,,,,,,0,0,0,0, ,157,157, 
MI0040129,ALANSON ESTATES MOBILE HOME PARK,50,,,,,,,0,0,0, ,20,20, 
MI0004653,NEGAUNEE/ISHPEMING WATER AUTHORITY,,,,,,,0,0,0,0, ,0,0, 
MI0000088,ALBEE TOWNSHIP,411,,,,,,,0,0,0, ,203,203, 
MI0004847,NORTHWEST OTTAWA CO WATER SYST,,,,,,,0,0,0,0, ,0,0, 
MI0040259,ALGOMA ESTATES,580,,,,,,0,0,0,0, ,343,343, 
MI0005880,SAGINAW MIDLAND WATER SUPPLY,,,,,,,0,0,0,0, ,0,0, 
MI0000125,ALLEGAN COUNTY SERVICES CENTER,101,,,,,,0,0,0,0, ,8,8, 
MI0006150,SOUTHEASTERN OAKLAND CO W AUTH,,,,,,,,,,0, ,,0, 
MI0000127,ALLENDALE TOWNSHIP,"19,725",,,,,,0,0,0,0, ,"3,790","3,790", 
MI0040681,ALTO MEADOWS,250,,,,,,0,0,0,0, ,95,95, 
MI0040023,AMBER ESTATES MOBILE HOME PARK,125,,,,,,0,0,0,0, ,49,49, 
MI0000215,ANDELINA FARMS,156,,,,,,0,0,,0, ,289,289, 
MI0040246,ANDREWS ESTATES,178,,,,,,,,,0, ,70,70, 
MI0000210,ANDREWS UNIVERSITY,"3,000",,,,,,0,0,0,0, ,118,118, 
MI0000221,ANN ARBOR TOWNSHIP,"1,338",,,,,,0,0,0,0, ,443,443, 
MI0040355,APPLE CARR VILLAGE,"1,125",,,,,,0,0,0,0, ,719,719, 
MI0040664,APPLE GROVE ESTATES,125,,,,,,0,0,0,0, ,50,50, 
MI0040668,APPLEWOOD,75,,,,,,,,,0, ,31,31, 
MI0004778,ARBOR VIEW,25,,,,,,0,0,0,0, ,14,14, 
MI0040223,ARBOR VILLAGE,670,,,,,,0,0,,0, ,268,268, 
MI0040356,ARLINGTON WOODS,"1,650",,,,,,0,0,0,0, ,660,660, 
MI0000242,ARTESIAN SPRINGS RV RESORT,61,,,,,,0,0,0,0, ,20,20, 
MI0000250,"ASHLEY, VILLAGE OF",526,,,,,,0,0,0,0, ,245,245, 
MI0000285,AU GRES TOWNSHIP,66,,,,,,0,0,0,0, ,38,38, 
MI0000280,"AU GRES, CITY OF",945,,,,,,,,,0, ,582,, 
MI0000290,AU SABLE TOWNSHIP,"2,370",,,,,,0,0,0,0, ,"1,340","1,340", 
MI0005450,AUBURN HILLS,"21,412",,,,,,,,,0, ,"5,630","5,630", 
MI0000321,AUGUSTA TOWNSHIP,"3,907",,,,,,0,0,0,0, ,"1,537","1,537", 
MI0000322,AUSTIN COMMONS II,280,,,,,,0,0,,0, ,112,112, 
MI0001910,AUTUMN HILLS,50,,,,,,0,0,0,0, ,5,5, 
MI0040074,AVRA ESTATES,87,,,,,,0,0,0,0, ,61,61, 
MI0000340,BAD AXE,"3,129",,,,,,0,0,0,0, ,337,337, 
MI0000355,BALDWIN TOWNSHIP,650,,,,,,0,0,0,0, ,404,404, 
MI0040041,BALTIMORE TERRACE,155,,,,,,,,,0, ,65,65, 
MI0000418,BARN SWALLOW APARTMENTS,50,,,,,,0,0,0,0, ,1,1, 
MI0040092,BARRON LAKE/ROSEBUSH,114,,,,,,0,0,0,0, ,49,49, 
MI0000426,BARRY TOWNSHIP,260,,,,,,,,,0, ,101,101, 
MI0040005,BASELINE MOBILE HOME PARK,188,,,,,,0,0,0,0, ,75,75, 
MI0000440,BATES TOWNSHIP,921,,,,,,0,0,0,0, ,612,612, 
MI0006077,BAVARIAN SOFTWATER VILLAGE,420,,,,,,0,0,0,0, ,48,48, 
MI0000487,BAY HARBOR CLUB,40,,,,,,0,0,0,0, ,20,20, 
MI0040128,BAY SHORE ESTATES,208,,,,,,0,0,0,0, ,84,84, 
MI0000490,BAY VIEW ASSOCIATION,831,,,,,,0,0,0,0, ,482,482, 
MI0040190,BAYSIDE (DBA CONTINENTAL MHP),158,,,,,,0,0,0,0, ,74,74, 
MI0000501,BEACH HOUSE APARTMENTS,25,,,,,,,0,,0, ,17,, 
MI0000503,BEACON HOME AT COLBY,36,,,,,,0,0,0,0, ,1,1, 
MI0040554,BEAN CREEK RESORT,112,,,,,,0,0,0,0, ,73,73, 
MI0000505,BEAR CREEK ESTATES CONDOMINIUM,210,,,,,,0,0,0,0, ,35,35, 
MI0000508,BEAR CREEK VILLA,25,,,,,,,,,0, ,21,21, 
MI0000514,BEAVER CREEK RESORT,76,,,,,,0,0,0,0, ,40,40, 
MI0000513,BEAVER CREEK GRAYLING TOWNSHIPS UA,25,,,,,,0,0,0,0, ,3,3, 
MI0000517,BEAVER ROAD AREA WATER ASSOC.,829,,,,,,0,0,0,0, ,283,283, 
MI0000518,BEAVER TOWNSHIP,"1,211",,,,,,0,0,0,0, ,471,471, 
MI0040080,BEDFORD HILLS,850,,,,,,0,0,0,0, ,339,339, 
MI0006435,BEDFORD MEADOWS,156,,,,,,0,0,0,0, ,7,7, 
MI0000540,BEECHER METROPOLITAN DISTRICT,"9,400",,,,,,0,0,0,0, ,"5,063","5,063", 
MI0006627,BEECHWOOD HILLS   TIMBER RIDGE,160,,,,,,0,0,0,0, ,64,64, 
MI0040081,BELLEVUE MOBILE HOME PARK,190,,,,,,0,0,0,0, ,14,14, 
MI0000635,BERLIN TOWNSHIP,"9,900",,,,,,,,,0, ,"2,645","2,645", 
MI0000705,BIG CREEK/MENTOR UTILITY AUTHORITY,622,,,,,,0,0,0,0, ,244,244, 
MI0000715,BINGHAM FARMS,888,,,,,,0,0,0,0, ,369,369, 
MI0000716,BINGHAM TOWNSHIP,25,,,,,,0,0,0,0, ,56,, 
MI0000722,BIRCH RUN TOWNSHIP,"2,080",,,,,,0,0,0,0, ,906,906, 
MI0000720,"BIRCH RUN, VILLAGE OF","1,555",,,,,,0,0,0,0, ,459,459, 
MI0040082,BIRCHWOOD ESTATES,168,,,,,,0,0,0,0, ,67,67, 
MI0000725,BIRCHWOOD FARMS,"1,227",,,,,,0,0,0,0, ,434,434, 
MI0000731,BISHOP LAKE APARTMENTS,,,,,,,0,0,0,0, ,1,1, 
MI0000733,BLACK BEAR FARMS,110,,,,,,0,0,0,0, ,101,101, 
MI0000743,BLAIR TOWNSHIP,"2,788",,,,,,0,0,0,0, ,"1,583","1,583", 
MI0000775,BLOOMFIELD HILLS,"3,540",,,,,,0,0,0,0, ,"1,488","1,488", 
MI0003925,BLUE LAKE RESIDENCES,212,,,,,,0,0,0,0, ,70,70, 
MI0000794,BLUE SPRUCE APARTMENTS,96,,,,,,0,0,0,0, ,6,6, 
MI0000795,"BLUE WATER VILLAGE WELL SITE, LLC",114,,,,,,0,0,0,0, ,12,12, 
MI0000798,BLUMFIELD REESE WATER AUTH.,"3,024",,,,,,0,0,0,0, ,"1,533","1,533", 
MI0000799,BOYNAIRE LANDOWNERS ASSOCIATION,54,,,,,,0,0,0,0, ,14,14, 
MI0000810,"BOYNE FALLS, VILLAGE OF",370,,,,,,0,0,0,0, ,160,160, 
MI0002450,BRIARCLIFF HOMEOWNERS ASSN,483,,,,,,0,0,0,0, ,193,193, 
MI0000840,BRIDGEPORT TOWNSHIP,"10,104",,,,,,0,0,0,0, ,"4,111","4,111", 
MI0000850,BRIDGMAN,"2,291",,,,,,0,0,0,0, ,"1,131","1,131", 
MI0000860,"BRIGHTON, CITY OF","10,210",,,,,,0,0,0,0, ,"3,983","3,983", 
MI0000890,BRITTON,611,,,,,,0,0,0,0, ,280,280, 
MI0000894,BROOK OF HOUGHTON LAKE,105,,,,,,0,0,0,0, ,1,1, 
MI0000045,BROOKDALE ADRIAN,115,,,,,,0,0,0,0, ,152,152, 
MI0000920,BROOKLYN,"1,313",,,,,,0,0,0,0, ,579,579, 
MI0000951,BRUCE TOWNSHIP,115,,,,,,0,0,0,0, ,143,143, 
MI0000970,"BUCKLEY, VILLAGE OF",529,,,,,,,,,0, ,202,202, 
MI0040051,BUENA VISTA ESTATES,79,,,,,,0,0,0,0, ,70,70, 
MI0002780,BURT TOWNSHIP,411,,,,,,0,0,0,0, ,324,324, 
MI0001005,BURT VIEW ASSOCIATION,42,,,,,,0,0,0,0, ,5,5, 
MI0001008,BURTCHVILLE TOWNSHIP,"2,900",,,,,,0,0,0,0, ,"1,237","1,237", 
MI0001010,"BURTON, CITY OF","21,000",,,,,,0,0,0,0, ,"6,751","6,751", 
MI0001015,BUTTERCUP SHORES,40,,,,,,0,0,0,0, ,26,70, 
MI0001018,BUTTERFIELD WOODS SUBDIVISION,65,,,,,,0,0,0,0, ,35,35, 
MI0001019,BYRAM RIDGE,40,,,,,,,,,0, ,105,105, 
MI0001023,BYRON GAINES UTILITY AUTHORITY,"37,464",,,,,,0,0,0,0, ,"12,600","12,600", 
MI0040093,C & M MOBILE HOME COURT,70,,,,,,0,0,0,0, ,27,27, 
MI0040599,CADGEWITH FARMS,344,,,,,,0,0,0,0, ,226,226, 
MI0001037,CALEDONIA ESTATES,160,,,,,,0,0,0,0, ,5,5, 
MI0001039,CALEDONIA TOWNSHIP,"4,573",,,,,,0,0,0,0, ,"1,553","1,553", 
MI0040068,CAMBRIDGE VILLAGE,80,,,,,,0,0,0,0, ,2,2, 
MI0001050,CAMDEN,512,,,,,,0,0,0,0, ,236,236, 
MI0001052,CAMP ARCADIA / LCA,400,,,,,,0,0,0,0, ,59,59, 
MI0040617,CANTERBURY ESTATES MHP,350,,,,,,0,0,0,0, ,290,290, 
MI0001100,CANTON TOWNSHIP,"99,627",,,,,,0,0,0,0, ,"26,626","26,626", 
MI0001110,"CAPAC, VILLAGE OF","1,775",,,,,,0,0,0,0, ,692,692, 
MI0040675,CAPITAL CROSSINGS,345,,,,,,0,0,0,0, ,299,299, 
MI0001125,CARNEY NADEAU WATER & SEWER AUTHORITY,200,,,,,,0,0,0,0, ,87,87, 
MI0040482,CARO RIVERVIEW MHP LLC,175,,,,,,0,0,0,0, ,98,98, 
MI0003015,HARBOR SPRINGS AREA AUTHORITY,303,,,,,,0,0,0,0, ,22,22, 
MI0001180,"CARSONVILLE, VILLAGE OF",527,,,,,,0,0,0,0, ,259,259, 
MI0001195,CASEVILLE TOWNSHIP,"2,005",,,,,,0,0,0,0, ,"1,012","1,012", 
MI0001190,"CASEVILLE, CITY OF",777,,,,,,0,0,0,0, ,806,806, 
MI0005234,CASS COUNTY WATER SYSTEM,"1,350",,,,,,0,0,0,0, ,830,830, 
MI0001256,CECIL FARMS,200,,,,,,0,0,0,0, ,76,76, 
MI0001258,CEDAR CREEK TOWNSHIP,124,,,,,,0,0,0,0, ,53,53, 
MI0001252,CEDAR CREEK WATER COMPANY,325,,,,,,0,0,0,0, ,112,112, 
MI0001260,CEDAR SPRINGS,"3,520",,,,,,0,0,0,0, ,915,915, 
MI0040375,CEDARBROOK ESTATES,"1,728",,,,,,0,0,0,0, ,693,693, 
MI0040619,CEDARFIELD MOBILE HOME PARK,480,,,,,,0,0,0,0, ,209,209, 
MI0001310,CENTREVILLE,"1,579",,,,,,0,0,0,0, ,499,499, 
MI0001325,CHALET DU PAW PAW CONDOMINIUMS,95,,,,,,0,0,0,0, ,19,19, 
MI0040125,CHALET ESTATES MOBILE HOME PARK,100,,,,,,0,0,0,0, ,40,40, 
MI0001327,CHARLESTON TOWNSHIP,30,,,,,,,,,0, ,2,2, 
MI0000170,CHARTER TOWNSHIP OF ALPENA,"5,839",,,,,,0,0,0,0, ,"2,452","2,452", 
MI0001790,CHARTER TOWNSHIP OF DELTA,"21,856",,,,,,0,0,0,0, ,"9,471","9,471", 
MI0001350,CHASSELL TOWNSHIP,800,,,,,,,,,0, ,355,355, 
MI0001355,CHATHAM,300,,,,,,,,0,0, ,139,139, 
MI0001371,CHERRY CREEK VILLAGE,50,,,,,,0,0,0,0, ,2,2, 
MI0001390,CHESTERFIELD TOWNSHIP,"41,650",,,,,,0,0,0,0, ,"16,461","16,461", 
MI0001397,CHESTNUT HILLS,813,,,,,,0,0,,0, ,47,47, 
MI0001400,CHIKAMING TOWNSHIP,"2,825",,,,,,0,0,0,0, ,"3,030","3,030", 
MI0040376,CHILDS LAKE ESTATES MHC,"1,548",,,,,,0,0,0,0, ,619,619, 
MI0004312,"METAMORA, VILLAGE OF",565,,,,,,0,0,0,0, ,233,233, 
MI0001416,CHOCOLAY BUNGALOWS,50,,,,,,0,0,0,0, ,18,, 
MI0040679,CIDERMILL CROSSINGS,"1,863",,,,,,0,0,0,0, ,621,621, 
MI0040377,CLARKSTON LAKE ESTATES,"1,245",,,,,,0,0,0,0, ,498,498, 
MI0001450,CLAY TOWNSHIP,"9,866",,,,,,0,0,0,0, ,"4,917","4,917", 
MI0006901,"CLEAN WATER ASSOCIATION, INC.",22,,,,,,0,0,0,0, ,15,15, 
MI0001460,"CLIFFORD, VILLAGE OF",324,,,,,,0,0,0,0, ,125,125, 
MI0001465,CLIMAX,767,,,,,,0,0,0,0, ,284,284, 
MI0040248,CLIMAX MOBILE HOME PARK,198,,,,,,0,0,0,0, ,75,75, 
MI0040305,CLINTON ESTATES,68,,,,,,0,0,0,0, ,29,29, 
MI0001493,CLYDE TOWNSHIP,"2,400",,,,,,0,0,0,0, ,794,794, 
MI0040225,COACHMANS COVE,388,,,,,,0,0,0,0, ,250,250, 
MI0040379,COLLEGE HEIGHTS MOBILE HOME PARK,405,,,,,,0,0,0,0, ,343,343, 
MI0001535,COLOMA TOWNSHIP,"1,425",,,,,,,0,0,0, ,549,549, 
MI0001572,COLOMBIERE CENTER,60,,,,,,0,0,0,0, ,1,1, 
MI0001540,COLON,"1,190",,,,,,0,0,0,0, ,630,630, 
MI0040094,COLONIAL ACRES,265,,,,,,0,0,0,0, ,106,106, 
MI0001565,COLUMBIA LAKES ESTATES,700,,,,,,0,0,0,0, ,299,299, 
MI0001570,"COLUMBIAVILLE, VILLAGE OF",787,,,,,,0,0,0,0, ,333,333, 
MI0001573,COMMERCE TOWNSHIP,"19,811",,,,,,0,0,0,0, ,"7,066","7,066", 
MI0001580,CONCORD,"1,050",,,,,,0,0,0,0, ,579,579, 
MI0040126,CONWAY COMMONS MOBILE HOME PARK,165,,,,,,0,0,0,0, ,200,200, 
MI0001620,COPPER CITY,210,,,,,,0,0,0,0, ,125,125, 
MI0001631,COPPER MEADOWS,128,,,,,,0,0,0,0, ,51,51, 
MI0060640,COREWELL HEALTH BERRIEN CNTR,90,,,,,,,,,0, ,,, 
MI0070017,COREWELLHEALTH GR KALAMAZOO,165,,,,,,0,0,0,0, ,1,1, 
MI0005977,SCIO TOWNSHIP,"8,500",,,,,,0,0,0,0, ,"2,675","2,675", 
MI0001643,COTTAGE COVE ON ELK LAKE,34,,,,,,0,0,0,0, ,29,29, 
MI0001655,COUNTRY ACRES HOMEOWNERS ASSOCIATION,180,,,,,,0,0,0,0, ,70,70, 
MI0004045,COUNTRY EDEN  L.L.C.,60,,,,,,0,0,0,0, ,5,5, 
MI0040591,COUNTRY HILL PINES,174,,,,,,0,0,0,0, ,69,69, 
MI0040474,SWEET LAKE MOBILE HOME PARK,80,,,,,,0,0,0,0, ,53,53, 
MI0040488,COUNTRY HOLIDAY ESTATES,148,,,,,,,,,0, ,46,46, 
MI0001653,COUNTRY LOG APTS,35,,,,,,0,0,0,0, ,2,2, 
MI0006594,THORNTON FARMS,"1,188",,,,,,0,0,0,0, ,402,402, 
MI0040457,COUNTRY MANOR,87,,,,,,0,0,0,0, ,45,45, 
MI0040193,COUNTRY MANOR M H P,98,,,,,,0,0,0,0, ,41,41, 
MI0040004,COUNTRY MEADOWS,158,,,,,,0,0,0,0, ,63,63, 
MI0040220,COUNTRY PLACE,115,,,,,,0,0,0,0, ,66,66, 
MI0001649,COUNTRY PLACE SENIOR CARE CENTER,40,,,,,,0,0,0,0, ,1,1, 
MI0040598,COUNTRY VIEW MOBILE HOME COMMUNITY,55,,,,,,,,,0, ,43,43, 
MI0040418,COUNTRY VILLAGE,78,,,,,,0,0,0,0, ,32,32, 
MI0001652,COUNTRY VILLAGE APARTMENTS,80,,,,,,0,0,0,0, ,41,41, 
MI0040070,COUNTRYSIDE MOBILE COURT,60,,,,,,0,0,0,0, ,2,2, 
MI0040450,COUNTRYSIDE VILLAGE,490,,,,,,0,0,0,0, ,360,360, 
MI0001661,COVERT TOWNSHIP,"1,755",,,,,,0,0,0,0, ,826,826, 
MI0040382,CRANBERRY LAKE MHC,820,,,,,,0,0,0,0, ,326,326, 
MI0002274,CREEKSIDE AT FENTON HEIGHTS,48,,,,,,0,0,0,0, ,2,2, 
MI0040119,CREEKSIDE MEADOWS OF ST. JOHNS,387,,,,,,0,0,0,0, ,210,210, 
MI0040183,CREEKSIDE MHC,70,,,,,,,,,0, ,,, 
MI0040425,CRICKLEWOOD COURT,155,,,,,,0,0,0,0, ,63,63, 
MI0040417,CROCKERY MOBILE HOME PARK,413,,,,,,0,0,0,0, ,165,165, 
MI0001666,CROOKED RIVER APARTMENTS,32,,,,,,0,0,0,0, ,1,1, 
MI0001067,CROSSROADS FOR YOUTH,120,,,,,,0,0,0,0, ,4,4, 
MI0040216,MAPLE LEAF VILLAGE,50,,,,,,0,0,0,0, ,21,21, 
MI0040357,CRYSTAL DOWNS MOBILE VILLAGE,260,,,,,,0,0,0,0, ,104,104, 
MI0001715,CRYSTAL HIGHLANDS SUBDIVISION,50,,,,,,0,0,0,0, ,32,32, 
MI0001716,CRYSTAL MOUNTAIN RESORT & SPA,700,,,,,,0,0,0,0, ,298,298, 
MI0001694,CRYSTAL RIDGE CONDOMINIUM ASSOCIATION,80,,,,,,0,0,0,0, ,40,40, 
MI0061700,CURRY HOUSE ASSISTED LIVING CENTER,76,,,,,,0,0,0,0, ,1,1, 
MI0001718,"DANSVILLE, VILLAGE OF",125,,,,,,0,0,0,0, ,69,69, 
MI0001720,"DAVISON, CITY OF","5,000",,,,,,0,0,0,0, ,"1,738","1,738", 
MI0001760,"DECKERVILLE, VILLAGE OF",830,,,,,,0,0,0,0, ,408,408, 
MI0001765,DEEPWATER POINTE ASSOCIATION,65,,,,,,0,0,0,0, ,13,13, 
MI0001774,DEER PARK CONDOMINIUMS,30,,,,,,0,0,0,0, ,5,5, 
MI0040644,DEERFIELD PINES MOBILE HOME PARK,308,,,,,,0,0,0,0, ,123,123, 
MI0001768,DEERFIELD VILLA,72,,,,,,0,0,0,0, ,8,8, 
MI0001795,DETOUR,325,,,,,,,0,0,0, ,290,290, 
MI0001798,DETROIT METROPOLITAN WAYNE CO. AIRPORT,"6,000",,,,,,0,0,0,0, ,47,47, 
MI0063477,DIMONDALE HEALTH CARE CENTER,177,,,,,,0,0,0,0, ,108,108, 
MI0040008,DOGWOOD MANOR MOBILE HOME PARK,190,,,,,,0,0,0,0, ,76,76, 
MI0001845,DORR LEIGHTON,350,,,,,,0,0,0,0, ,232,232, 
MI0001865,DRUMMOND ISLAND APARTMENTS,50,,,,,,0,0,0,0, ,2,2, 
MI0040563,DUMONT CREEK ESTATES,188,,,,,,,,,0, ,75,75, 
MI0040045,DUNLOPS ORCHARD PARK,65,,,,,,0,0,0,0, ,22,22, 
MI0001905,DUNRENTIN HEIGHTS SUBDIVISION,81,,,,,,0,0,0,0, ,29,29, 
MI0040116,DUTCH HILLS,620,,,,,,,,,0, ,276,, 
MI0001915,DUVERNAY PARK APARTMENTS,68,,,,,,0,0,0,0, ,24,24, 
MI0001920,EAGLE HARBOR TOWNSHIP,300,,,,,,0,0,0,0, ,145,145, 
MI0000325,ROCHESTER HILLS,"74,000",,,,,,0,0,0,0, ,"23,882","23,882", 
MI0040103,EAGLE LAKE ESTATES MHP,230,,,,,,0,0,0,0, ,92,92, 
MI0007285,EAGLE POINTE CONDOMINIUMS,90,,,,,,0,0,0,0, ,6,6, 
MI0001932,"EAGLE VILLAGE, INC.",84,,,,,,0,0,0,0, ,7,7, 
MI0040615,EAGLES LANDING ESTATES,174,,,,,,0,0,0,0, ,168,168, 
MI0001935,EAST BAY CHARTER TOWNSHIP,"3,720",,,,,,,,,0, ,"1,700","1,700", 
MI0040607,EAST BAY MOBILE HOME PARK,155,,,,,,,,,0, ,20,20, 
MI0002010,"EAST TAWAS, CITY OF","2,808",,,,,,0,0,,0, ,"1,395","1,395", 
MI0000048,RICHLYN MANOR,192,,,,,,0,0,0,0, ,95,95, 
MI0002025,EATON GREEN ESTATES SUBDIVISION,363,,,,,,0,0,0,0, ,147,147, 
MI0000090,FORD FORESTRY CENTER,168,,,,,,0,0,0,0, ,23,23, 
MI0002055,EDGE 72,288,,,,,,0,0,0,0, ,5,5, 
MI0040359,EDGEWOOD MOBILE HOME PARK,162,,,,,,0,0,0,0, ,46,46, 
MI0002077,EDWARDSBURG,"1,260",,,,,,0,0,0,0, ,556,556, 
MI0040600,EGELCRAFT MOBILE HOME PARK,"1,125",,,,,,0,0,0,0, ,455,455, 
MI0002110,"ELLSWORTH, VILLAGE OF",349,,,,,,0,0,0,0, ,235,235, 
MI0000200,HEMATITE TOWNSHIP,350,,,,,,0,0,0,0, ,,0, 
MI0002115,ELMWOOD TOWNSHIP,255,,,,,,,,,0, ,70,70, 
MI0006625,ELMWOOD TWP   TIMBERLEE,510,,,,,,,,,0, ,127,127, 
MI0001820,ELY TOWNSHIP DIORITE,168,,,,,,0,0,0,0, ,67,67, 
MI0002860,ELY TOWNSHIP GREENWOOD,266,,,,,,0,0,0,0, ,109,109, 
MI0002124,EMERY PINES,50,,,,,,0,0,0,0, ,2,2, 
MI0040484,EVERGREEN ESTATES,145,,,,,,0,0,0,0, ,78,78, 
MI0040206,EVERGREEN MOBILE HOME COMMUNITY,272,,,,,,,,,0, ,109,109, 
MI0040250,EVERGREEN PARK,190,,,,,,0,0,0,0, ,76,76, 
MI0040454,EVERGREEN PLEASANT VALLEY TRAILER PARK,94,,,,,,,,,0, ,61,, 
MI0002212,FAIRFIELD TOWNSHIP,717,,,,,,0,0,0,0, ,260,260, 
MI0040316,FAIRLANE ESTATES,88,,,,,,0,0,0,0, ,60,60, 
MI0040318,FAIRLAWN MEADOWS,57,,,,,,0,0,,0, ,42,42, 
MI0002215,FAIRWAY LAKE CONDOMINIUMS,56,,,,,,0,0,0,0, ,11,11, 
MI0002240,"FARMINGTON HILLS, CITY OF","56,823",,,,,,0,0,0,0, ,"23,250","23,250", 
MI0040144,FENTON LAKEFRONT COMMUNITY LLC,80,,,,,,0,,0,0, ,,, 
MI0002285,FERRYSBURG,"3,268",,,,,,0,0,0,0, ,"1,546","1,546", 
MI0002287,FIFE LAKE TOWNHOUSES,54,,,,,,0,0,0,0, ,3,3, 
MI0002290,FILER CHARTER TOWNSHIP,940,,,,,,0,0,0,0, ,418,418, 
MI0002291,FILLMORE TOWNSHIP,25,,,,,,,,,0, ,29,29, 
MI0040302,FIRST POINT MOBILE COURT,110,,,,,,0,0,0,0, ,53,53, 
MI0002347,FONDA LAKE WATER AUTHORITY,"1,200",,,,,,0,0,0,0, ,581,581, 
MI0002356,FORESTER TOWNSHIP,950,,,,,,0,0,0,0, ,538,538, 
MI0002360,FORESTVILLE VILLAGE OF,836,,,,,,0,0,0,0, ,503,503, 
MI0002385,FORT GRATIOT TOWNSHIP,"11,616",,,,,,0,0,0,0, ,"4,274","4,274", 
MI0002390,"FOWLER, VILLAGE OF","1,136",,,,,,0,0,0,0, ,563,563, 
MI0002403,FOXFIELD APARTMENTS,65,,,,,,0,0,0,0, ,4,4, 
MI0002410,FRANKENLUST TOWNSHIP,"3,626",,,,,,0,0,0,0, ,"1,304","1,304", 
MI0002425,FRANKENMUTH TOWNSHIP,"1,389",,,,,,0,0,0,0, ,493,493, 
MI0002420,"FRANKENMUTH, CITY OF","4,944",,,,,,,,,0, ,"2,117","2,117", 
MI0000550,IRON RIVER TOWNSHIP BEECHWOOD,440,,,,,,0,0,0,0, ,165,165, 
MI0002440,FRANKLIN KNOLLS SUBDIVISION,500,,,,,,0,0,0,0, ,157,157, 
MI0000575,WHISPERING PINES SENIOR LIVING,39,,,,,,0,0,0,0, ,1,1, 
MI0005680,FRANKLIN TOWNSHIP,300,,,,,,0,0,0,0, ,29,29, 
MI0005585,FRANKLIN QUINCY WATER AUTHORITY,260,,,,,,0,0,0,0, ,43,43, 
MI0002465,FRASER TOWNSHIP,"1,226",,,,,,0,0,0,0, ,537,537, 
MI0040438,FREELAND MOBILE HOME PARK,280,,,,,,0,0,0,0, ,120,120, 
MI0002500,FRENCHTOWN TOWNSHIP,"16,481",,,,,,0,0,0,0, ,"6,534","6,534", 
MI0002507,FRUITPORT TOWNSHIP,"9,355",,,,,,0,0,0,0, ,"4,721","4,721", 
MI0002565,GARFIELD CHARTER TOWNSHIP,"12,899",,,,,,,,,0, ,"3,101","3,101", 
MI0040174,GARFIELD OAKS,40,,,,,,0,0,0,0, ,26,26, 
MI0002568,GARLAND RESORT,53,,,,,,0,0,0,0, ,7,7, 
MI0000796,GENERAL WHITE APARTMENTS,50,,,,,,0,0,0,0, ,2,2, 
MI0002615,GENESEE COUNTY WATER SYSTEM,"71,500",,,,,,0,0,0,0, ,"18,693","18,693", 
MI0002617,GENESEE TOWNSHIP,"8,473",,,,,,,,,0, ,"1,912","1,912", 
MI0002620,GEORGETOWN TOWNSHIP,"41,086",,,,,,0,0,0,0, ,"15,416","15,416", 
MI0002625,GERMFASK TOWNSHIP,200,,,,,,0,0,0,0, ,86,86, 
MI0062653,GLADWIN NURSING AND REHABILITATION COMMU,60,,,,,,0,0,0,0, ,2,2, 
MI0002654,GLEN DEVON CONDOMINIUMS,260,,,,,,0,0,0,0, ,20,20, 
MI0002656,GLEN MEADOWS CONDOMINIUMS,142,,,,,,0,0,0,0, ,71,71, 
MI0002657,GLEN OAKS COMMUNITY COLLEGE,"1,233",,,,,,,,,0, ,2,2, 
MI0002655,GLENN HAVEN SHORES,100,,,,,,0,0,0,0, ,57,57, 
MI0000838,RIDGE VALLEY OF MILFORD,220,,,,,,0,0,0,0, ,138,138, 
MI0002685,GOGEBIC RANGE WATER AUTH,177,,,,,,0,0,0,0, ,76,76, 
MI0040476,GOLDEN POND ESTATES,102,,,,,,,,,0, ,40,40, 
MI0002730,GRAND BEACH,272,,,,,,0,0,0,0, ,479,479, 
MI0002740,"GRAND BLANC, CITY OF","8,276",,,,,,0,0,0,0, ,"3,184","3,184", 
MI0000880,SUPERIOR TOWNSHIP,767,,,,,,0,0,0,0, ,319,319, 
MI0040419,GRAND COUNTRY,130,,,,,,0,0,0,0, ,52,52, 
MI0002785,GRAND POINTE SUBDIVISION,219,,,,,,0,0,0,0, ,93,93, 
MI0001002,OAK POINTE,"1,900",,,,,,0,0,0,0, ,879,879, 
MI0002805,GRAND TRAVERSE CONDOMINIUMS,60,,,,,,0,0,0,0, ,4,4, 
MI0002809,GRAND VALLEY ESTATES,288,,,,,,0,0,0,0, ,104,104, 
MI0040069,GRAND VILLAGE MOBILE HOME PARK,50,,,,,,0,0,0,0, ,20,20, 
MI0002823,GRANT,894,,,,,,0,0,0,0, ,337,337, 
MI0001630,GRANT TOWNSHIP   COPPER HARBOR,200,,,,,,0,0,0,0, ,114,114, 
MI0002839,GREAT LAKES ADVENTIST ACADEMY,360,,,,,,0,0,0,0, ,26,26, 
MI0040273,GREEN ACRES MOBILE HOME PARK,135,,,,,,0,0,0,0, ,54,54, 
MI0002843,GREEN LAKE TOWNSHIP,1,,,,,,0,0,0,0, ,1,1, 
MI0001543,GREEN OAK TWP   CENTENNIAL FARMS,900,,,,,,0,0,0,0, ,81,81, 
MI0040352,GREENBRIER ESTATES,142,,,,,,0,0,0,0, ,57,57, 
MI0001073,SHAWONO CENTER   DHS,40,,,,,,0,0,0,0, ,1,1, 
MI0002837,GREENFIELD ESTATES,68,,,,,,,,,0, ,23,23, 
MI0002846,GREENFIELD POINTE SUBDIVISION,265,,,,,,0,0,0,0, ,98,98, 
MI0040405,GREENLAWN MOBILE HOME COURT,100,,,,,,,,,0, ,,, 
MI0002847,GREENS LAKE APARTMENTS,330,,,,,,0,0,0,0, ,1,1, 
MI0002845,GREGG APARTMENTS,64,,,,,,0,0,0,0, ,2,2, 
MI0040384,GROVELAND MANOR,435,,,,,,0,0,0,0, ,186,186, 
MI0040046,GUERNSEY LAKE MOBILE HOME COMMUNITY,100,,,,,,0,0,0,0, ,40,40, 
MI0040044,GUN LAKE MOBILE HOME COMMUNITY,148,,,,,,0,0,0,0, ,73,73, 
MI0002926,GUN PLAIN TOWNSHIP,1,,,,,,,,,0, ,145,145, 
MI0040011,GUN RIVER MOBILE ESTATES,415,,,,,,,,,0, ,168,168, 
MI0040138,GUNTHER MOBILE HOME COURT INC,105,,,,,,,,,0, ,,, 
MI0062942,HALE CREEK MANOR,43,,,,,,0,0,0,0, ,3,3, 
MI0040317,HAMBURG HILLS ESTATES,350,,,,,,0,0,0,0, ,152,152, 
MI0002982,HANDY TOWNSHIP   RED CEDARS CROSSING,"1,030",,,,,,0,0,0,0, ,460,460, 
MI0003001,HARBOR COVE APARTMENTS,288,,,,,,0,0,0,0, ,12,12, 
MI0003010,"HARBOR SPRINGS, CITY OF","1,194",,,,,,,0,0,0, ,"1,343","1,343", 
MI0003018,HARING CHARTER TOWNSHIP,839,,,,,,0,0,0,0, ,349,349, 
MI0003040,HARRISON TOWNSHIP,"24,314",,,,,,0,0,0,0, ,"8,790","8,790", 
MI0003073,HARTLAND HILLS CONDOMINIUMS,67,,,,,,0,0,0,0, ,1,1, 
MI0001545,MAIN STREET APARTMENTS,48,,,,,,0,0,0,0, ,5,5, 
MI0040654,HARTLAND MEADOWS,"1,543",,,,,,0,0,0,0, ,617,617, 
MI0003075,HARTLAND TOWNSHIP,"3,022",,,,,,0,0,0,0, ,505,505, 
MI0040620,HARTWICK PINES ESTATES,75,,,,,,0,0,0,0, ,49,49, 
MI0003080,HARVEST HILLS SUBDIVISION ASSO,225,,,,,,0,0,0,0, ,85,85, 
MI0040343,HAVEN VIEW MOBILE COURT,75,,,,,,0,,,0, ,82,82, 
MI0040680,HEARTHSIDE GROVE MOTOR COACH RESORT,100,,,,,,0,0,0,0, ,197,197, 
MI0003115,HEMINGWAY POINTE CLUB OWNERS ASSOCIATION,250,,,,,,0,0,0,0, ,68,68, 
MI0003110,HEMLOCK/RICHLAND TOWNSHIP,"1,632",,,,,,,0,0,0, ,604,604, 
MI0003118,HERITAGE DRIVE APARTMENTS,41,,,,,,0,0,0,0, ,2,2, 
MI0040333,HERITAGE HILLS MOBILE HOME VILLAGE,75,,,,,,0,0,0,0, ,30,30, 
MI0040587,HESPERIA MHP LLC,248,,,,,,0,0,0,0, ,99,99, 
MI0040084,HICKORY HILLS,708,,,,,,0,0,0,0, ,286,286, 
MI0040469,HICKORY LANE MOBILE HOME PARK,80,,,,,,0,0,0,0, ,32,32, 
MI0040682,HIDDEN CREEK ESTATES,318,,,,,,0,0,0,0, ,209,209, 
MI0040386,HIDDEN LAKE ESTATES,673,,,,,,0,0,0,0, ,269,269, 
MI0003137,HIDDEN LAKES OF GREEN OAKS,759,,,,,,,,,0, ,372,372, 
MI0005819,HIDDEN SHORES WEST,75,,,,,,,,,0, ,20,20, 
MI0040208,HIDDEN VALLEY,125,,,,,,0,0,0,0, ,50,50, 
MI0003134,HIGHFIELDS YOUTH CAMP,96,,,,,,0,0,0,0, ,9,9, 
MI0001658,WILLOWS ON TWIN PONDS,147,,,,,,0,0,0,0, ,14,14, 
MI0040387,HIGHLAND GREENS ESTATES,"2,268",,,,,,0,0,0,0, ,879,879, 
MI0003138,HIGHLAND HAVEN/WOODSIDE APTS,40,,,,,,0,0,0,0, ,1,1, 
MI0040388,HIGHLAND HILLS OF HIGHLAND MHC,260,,,,,,0,0,0,0, ,306,306, 
MI0003139,HIGHLAND MEADOWVIEW APARTMENTS,40,,,,,,0,0,0,0, ,1,1, 
MI0001663,LANDINGS AT CRANES COVE,120,,,,,,0,0,0,0, ,110,110, 
MI0003312,HIGHLAND TOWNSHIP,"3,786",,,,,,0,0,0,0, ,"1,194","1,194", 
MI0000813,HIGHLANDS AT HARBOR SPRINGS,450,,,,,,,,,0, ,192,192, 
MI0040231,HILLANLAKE VILLAGE,372,,,,,,,,,0, ,,151, 
MI0003160,"HILLMAN, VILLAGE OF",697,,,,,,0,0,0,0, ,339,339, 
MI0040057,HILLS HAVEN MOBILE HOME PARK,235,,,,,,0,0,0,0, ,94,94, 
MI0040180,HILLSIDE ACRES,48,,,,,,0,0,0,0, ,44,, 
MI0040122,HI WAY MOBILE HAVEN,168,,,,,,0,0,0,0, ,67,67, 
MI0040344,HOLIDAY TERRACE,90,,,,,,0,0,0,0, ,38,38, 
MI0040335,HOLIDAY VILLAGE MOBILE HOME PARK,185,,,,,,,,,0, ,74,74, 
MI0040665,HOLLY HILLS MHC,435,,,,,,0,0,0,0, ,313,313, 
MI0003215,HOLTON COTTAGES,34,,,,,,0,0,0,0, ,18,18, 
MI0040014,HOMECREST VILLA MOBILE HOME PARK,100,,,,,,0,0,0,0, ,58,58, 
MI0003223,HOMER TOWNSHIP,"3,097",,,,,,0,0,0,0, ,"1,335","1,335", 
MI0003225,HOMESTEAD PINES HOMEOWNERS' ASSOCIATION,84,,,,,,0,0,0,0, ,17,17, 
MI0007103,HOMESTEAD/CRYSTAL RIVER WATER CO,"1,365",,,,,,0,0,0,0, ,203,203, 
MI0006773,HORSELL MANOR,25,,,,,,0,0,0,0, ,1,1, 
MI0003229,HORTON BAY CLUB,60,,,,,,0,0,0,0, ,30,30, 
MI0003230,HOUGHTON,"8,386",,,,,,0,0,0,0, ,"1,843","1,843", 
MI0003235,HOUGHTON CO MEMORIAL AIRPORT,50,,,,,,0,0,0,0, ,50,50, 
MI0003237,HOUGHTON HEIGHTS MANOR,50,,,,,,0,0,0,0, ,4,4, 
MI0003238,HOUGHTON LAKE TIMBER APTS.,48,,,,,,0,0,0,0, ,1,1, 
MI0001930,HOUGHTON TOWNSHIP,138,,,,,,0,0,0,0, ,66,66, 
MI0003290,HUDSONVILLE,"7,708",,,,,,0,0,0,0, ,"2,306","2,306", 
MI0040660,HUNTERS GLEN,700,,,,,,0,0,0,0, ,425,425, 
MI0005033,HUNTMORE ESTATES,288,,,,,,,,,0, ,118,118, 
MI0040448,HURON BAY RESORT,140,,,,,,0,0,,0, ,66,66, 
MI0003315,HURON DUNES SUBDIVISION,175,,,,,,0,0,0,0, ,68,68, 
MI0003323,HURON TOWNSHIP,437,,,,,,0,0,0,0, ,259,259, 
MI0040406,HYLANDER VALLEY,158,,,,,,0,0,0,0, ,63,63, 
MI0040299,IDEAL VILLA MANUFACTURED HOME COMMUNITY,266,,,,,,0,0,0,0, ,167,167, 
MI0007233,IDLEWILD GARDEN HOUSING,27,,,,,,0,0,0,0, ,24,24, 
MI0040015,INDIAN ACRES MOBILE HOME PARK,88,,,,,,0,0,0,0, ,35,35, 
MI0040108,INDIAN RIVER MHP,28,,,,,,,0,0,0, ,20,20, 
MI0040233,INDIAN VILLAGE,394,,,,,,0,0,0,0, ,300,300, 
MI0003362,INLAND HOUSE CONDOMINIUM ASSOCIATION,90,,,,,,0,0,0,0, ,1,1, 
MI0006680,INTERIOR TOWNSHIP,200,,,,,,,,,0, ,102,102, 
MI0003365,INTERLOCHEN CENTER FOR THE ARTS,750,,,,,,0,0,0,0, ,189,189, 
MI0002195,LANTERN BAY TREATMENT CENTER,52,,,,,,0,0,0,0, ,4,4, 
MI0004610,IRON RIVER TOWNSHIP NASH,340,,,,,,0,0,0,0, ,249,249, 
MI0005760,IRON RIVER TOWNSHIP RYDEN ROAD,290,,,,,,0,0,0,0, ,141,141, 
MI0004775,ISHPEMING TWP   EAST,305,,,,,,0,0,0,0, ,134,134, 
MI0002277,LAKE PARK VILLAGE CONDOMINIUMS,900,,,,,,0,0,0,0, ,110,110, 
MI0003452,ISLANDVIEW HOME OWNERS ASSOCIATION,54,,,,,,0,0,,0, ,19,19, 
MI0003475,JAMES TOWNSHIP,"2,023",,,,,,0,0,0,0, ,842,842, 
MI0003474,JAMESTOWN TOWNSHIP,"3,330",,,,,,0,0,0,0, ,"1,189","1,189", 
MI0063476,JAMIESON NURSING HOME,39,,,,,,0,0,0,0, ,1,1, 
MI0040016,JOHNSONS MOBILE VILLAGE,188,,,,,,0,0,0,0, ,74,74, 
MI0003505,JUNIPER HILLS CONDOMINIUMS,50,,,,,,0,0,0,0, ,4,4, 
MI0003545,KALCHIK ESTATES,147,,,,,,,,,0, ,52,52, 
MI0040580,KAMP VILLA RV PARK,100,,,,,,0,0,0,0, ,42,42, 
MI0003570,KAWKAWLIN METRO DIST WATER SUP,"1,480",,,,,,,,,0, ,428,428, 
MI0003565,KAWKAWLIN TOWNSHIP,"3,170",,,,,,0,0,0,0, ,"1,295","1,295", 
MI0003595,"KEEGO HARBOR, CITY OF","2,733",,,,,,0,0,0,0, ,"1,049","1,049", 
MI0040264,KENT CITY MOBILE HOME PARK,185,,,,,,,,,0, ,75,75, 
MI0003620,KENTWOOD,"36,072",,,,,,0,0,0,0, ,"8,488","8,488", 
MI0040166,KEY COURT MOBILE HOME PARK,55,,,,,,0,0,0,0, ,32,32, 
MI0040276,KEY HEIGHTS MOBILE VILLAGE,715,,,,,,,,,0, ,286,286, 
MI0003628,KIMBALL TOWNSHIP,"3,463",,,,,,,0,,0, ,,, 
MI0002470,TITTABAWASSEE TOWNSHIP,"9,227",,,,,,0,0,0,0, ,"2,846","2,846", 
MI0063635,KING NURSING & REHABILITATION COMMUNITY,61,,,,,,0,0,0,0, ,1,1, 
MI0040171,KINGS COURT MOBILE HOME PARK,"1,200",,,,,,0,0,0,0, ,481,481, 
MI0006243,KINGSTON APARTMENTS,50,,,,,,0,0,0,0, ,1,1, 
MI0003630,KINROSS TOWNSHIP,"7,341",,,,,,0,0,0,0, ,"1,008","1,008", 
MI0002619,PRENTIS ESTATES APARTMENTS,500,,,,,,0,0,0,0, ,2,2, 
MI0040471,KLINES RESORT,398,,,,,,0,0,0,0, ,265,265, 
MI0003666,KNORRWOOD KNOLLS SUBDIVISION,240,,,,,,0,0,0,0, ,75,75, 
MI0003667,KOCHVILLE TOWNSHIP,"4,695",,,,,,0,0,0,0, ,850,850, 
MI0040181,KYCA COMMUNITY,73,,,,,,,,,0, ,,, 
MI0040277,LA E MA MOBILE HOME PARK,72,,,,,,0,0,0,0, ,31,31, 
MI0003690,LAGUNA VISTA SUBDIVISION,640,,,,,,0,0,0,0, ,200,200, 
MI0003691,LAKE ANGELA CONDO APTS #3,24,,,,,,0,0,0,0, ,1,1, 
MI0003694,LAKE ANGELA CONDO APTS #4,24,,,,,,0,0,0,0, ,1,1, 
MI0003693,LAKE ANGELA CONDO APTS #5,24,,,,,,0,0,0,0, ,1,1, 
MI0003696,LAKE ANGELA CONDO APTS #6,24,,,,,,0,0,0,0, ,1,1, 
MI0003692,LAKE ARROWHEAD ESTATES,231,,,,,,0,0,0,0, ,66,66, 
MI0003695,LAKE BELLA VISTA,"3,584",,,,,,0,0,0,0, ,"1,255","1,255", 
MI0003741,LAKE CHARTER TOWNSHIP,"4,177",,,,,,0,0,0,0, ,"1,724","1,724", 
MI0002925,LAKE DOSTER,"1,287",,,,,,,,,0, ,423,423, 
MI0040158,LAKE FENTON MOBILE HOME PARK,220,,,,,,,,,0, ,25,25, 
MI0005549,LAKE MICHIGAN BEACH RESORT POTTAWATTAMIE,80,,,,,,0,0,0,0, ,2,2, 
MI0003730,LAKE ODESSA,"2,018",,,,,,0,0,0,0, ,875,875, 
MI0003737,LAKE POINTE CONDOMINIUMS,74,,,,,,0,0,0,0, ,6,6, 
MI0040075,LAKECREST MOBILE COURT,52,,,,,,0,0,0,0, ,21,21, 
MI0003751,LAKESHORE CONDOMINIUMS,38,,,,,,0,0,0,0, ,1,1, 
MI0003145,LAKESHORE EAST CONDOMINIUMS,84,,,,,,0,0,0,0, ,42,42, 
MI0040034,LAKESHORE ESTATES MHP,115,,,,,,,0,,0, ,44,44, 
MI0003753,LAKESHORE HILLTOP APARTMENTS,93,,,,,,0,0,0,0, ,11,11, 
MI0040169,LAKESHORE VILLAGE,118,,,,,,0,0,0,0, ,47,47, 
MI0005577,LAKESHORE VILLAGE SUBDIVISION,132,,,,,,,,,0, ,51,51, 
MI0003744,LAKESIDE CLUB CONDOMINIUMS,210,,,,,,0,0,0,0, ,14,14, 
MI0003752,LAKESIDE DEVELOPMENT,82,,,,,,0,0,0,0, ,4,4, 
MI0003742,LAKESIDE ESTATES SUBDIVISION,125,,,,,,,0,0,0, ,52,52, 
MI0040292,LAKESIDE MOBILE HOME COMMUNITY,168,,,,,,0,0,0,0, ,40,40, 
MI0003755,LAKEVIEW APARTMENTS,64,,,,,,0,0,0,0, ,8,8, 
MI0006443,LAKEVIEW APARTMENTS,50,,,,,,0,0,0,0, ,1,1, 
MI0040451,LAKEVIEW ESTATES,380,,,,,,0,0,0,0, ,137,137, 
MI0040431,LAKEVIEW TRAILER PARK,70,,,,,,0,0,0,0, ,27,27, 
MI0003757,LAKEWOOD BEACH COMMUNITY SERVICES CO.,52,,,,,,0,0,0,0, ,31,31, 
MI0006935,LAKEWOOD TERRACE ASSOCIATION,36,,,,,,0,0,0,0, ,22,22, 
MI0003760,LANSING BOARD OF WATER & LIGHT,"166,000",,,,,,0,0,0,0, ,"57,339","57,339", 
MI0003770,LANSING TOWNSHIP,"5,500",,,,,,0,0,0,0, ,"2,244","2,244", 
MI0003794,LARKIN TOWNSHIP,"2,878",,,,,,0,0,0,0, ,"1,310","1,310", 
MI0040308,LEE VILLA MOBILE HOME PARK,283,,,,,,0,0,0,0, ,113,113, 
MI0003829,LEELANAU CO LAW ENFORCEMENT CENTER,75,,,,,,0,0,0,0, ,2,2, 
MI0040311,LEFFINGWELL ESTATES,210,,,,,,0,0,0,0, ,2,2, 
MI0040279,LEISURE VILLAGE,365,,,,,,0,0,0,0, ,259,259, 
MI0003836,LENOX TOWNSHIP,"3,000",,,,,,0,0,0,0, ,184,184, 
MI0003837,LEONI TOWNSHIP,"2,408",,,,,,0,0,0,0, ,757,757, 
MI0003850,"LEXINGTON, VILLAGE OF","1,178",,,,,,,,,0, ,823,823, 
MI0040227,LILLY BANK LANE,10,,,,,,0,0,0,0, ,21,21, 
MI0040001,LINCOLN ESTATES,48,,,,,,0,0,0,0, ,21,21, 
MI0063865,LINCOLN HAVEN NURSING & REHABILITATION,39,,,,,,0,0,0,0, ,1,1, 
MI0003868,LINCOLN MANOR,30,,,,,,0,0,0,0, ,3,3, 
MI0040586,LINCOLN PINES,390,,,,,,0,0,0,0, ,162,162, 
MI0040098,LINDEN MOBILE HOME PARK,92,,,,,,,,,0, ,57,57, 
MI0040145,LINDEN PLACE MOBILE HOME PARK,236,,,,,,0,0,0,0, ,162,162, 
MI0003890,"LINDEN, CITY OF","4,150",,,,,,0,0,0,0, ,"1,310","1,310", 
MI0003910,LINWOOD METROPOLITAN DISTRICT,909,,,,,,0,0,0,0, ,383,383, 
MI0003920,LITCHFIELD,"1,310",,,,,,0,0,0,0, ,574,574, 
MI0003927,LITTLE TRAVERSE TOWNSHIP,"1,102",,,,,,0,0,0,0, ,421,421, 
MI0003929,LIVINGSTON COMMUNITY WATER AUTHORITY,"4,152",,,,,,0,0,0,0, ,"1,047","1,047", 
MI0003943,LOCKPORT TOWNSHIP,"1,778",,,,,,0,0,0,0, ,277,277, 
MI0040209,LONG LAKE MOBILE HOME ESTATES,68,,,,,,0,0,0,0, ,27,27, 
MI0003947,LONG LAKE VILLAGE SUBDIVISION,273,,,,,,0,0,0,0, ,95,95, 
MI0003946,LOOKING GLASS TERRACES APTS.,31,,,,,,0,0,0,0, ,3,3, 
MI0040151,LOON LAKE MOBILE HOME PARK,90,,,,,,,,,0, ,10,10, 
MI0003955,LOWELL TOWNSHIP,"1,958",,,,,,0,0,0,0, ,928,928, 
MI0003966,LYNX GOLF VIEW,40,,,,,,0,0,0,0, ,6,6, 
MI0003967,LYONS,789,,,,,,0,0,0,0, ,318,318, 
MI0003990,MACOMB TOWNSHIP,"90,000",,,,,,0,0,0,0, ,"31,034","31,034", 
MI0004006,MADISON TOWNSHIP,"3,480",,,,,,0,0,0,0, ,"1,258","1,258", 
MI0006568,MANCELONA AREA WSA   THE CHIEF,40,,,,,,0,0,0,0, ,23,23, 
MI0040332,MANISTEE FOREST PINES ESTATES,174,,,,,,0,0,0,0, ,75,75, 
MI0004042,MANITOU LAKE APARTMENTS,75,,,,,,0,0,0,0, ,2,2, 
MI0004053,MAPLE GROVE APARTMENTS,28,,,,,,0,0,0,0, ,24,24, 
MI0040020,MAPLE GROVE ESTATES,115,,,,,,,,,0, ,46,46, 
MI0040361,MAPLE ISLAND ESTATES,320,,,,,,0,0,0,0, ,90,90, 
MI0004063,MAPLE RIDGE TOWNSHIP,250,,,,,,0,0,0,0, ,110,110, 
MI0064067,MAPLE VALLEY NURSING HOME,25,,,,,,0,0,0,0, ,1,1, 
MI0040217,MAPLEVIEW ESTATES,93,,,,,,0,0,0,0, ,37,37, 
MI0040219,MAPLEVIEW ESTATES EAST,220,,,,,,0,0,0,0, ,99,99, 
MI0064070,MAPLEVIEW NURSING HOME,45,,,,,,0,0,0,0, ,3,3, 
MI0004419,MAPLEWOOD AND STONE MANORS,60,,,,,,0,0,0,0, ,5,5, 
MI0004069,MAPLEWOOD RIDGE CONDOMINIUMS,80,,,,,,0,0,0,0, ,8,8, 
MI0040071,MARBLE LAKE RESORT & MARINA,72,,,,,,0,0,0,0, ,2,2, 
MI0004080,MARENISCO TOWNSHIP,430,,,,,,0,0,0,0, ,182,182, 
MI0040100,MARLIN VILLAGE MOBILE HOME PARK,95,,,,,,,0,0,0, ,38,, 
MI0004025,MARQUETTE COUNTY CORRECTIONS CENTER,95,,,,,,0,0,0,0, ,1,1, 
MI0004140,MARQUETTE TOWNSHIP,"2,700",,,,,,0,0,,0, ,231,231, 
MI0004155,MARTIN,785,,,,,,0,0,0,0, ,191,191, 
MI0040197,MASON MANOR,630,,,,,,0,0,0,0, ,267,267, 
MI0003749,SPRINGS/PORTSMOUTH APARTMENTS,"3,200",,,,,,0,0,,0, ,17,17, 
MI0004173,MASONVILLE TOWNSHIP,25,,,,,,0,0,0,0, ,2,2, 
MI0004152,MATHIAS TOWNSHIP,175,,,,,,0,0,0,0, ,70,70, 
MI0004177,MATTAWAN,"2,037",,,,,,0,0,0,0, ,710,710, 
MI0006375,MCTI,460,,,,,,0,0,0,0, ,1,1, 
MI0006377,MCTI FAMILY HOUSING,40,,,,,,0,0,0,0, ,2,2, 
MI0040612,MEADOW LAKE ESTATES MHC,"1,060",,,,,,0,0,0,0, ,416,416, 
MI0040061,MEADOW STREAMS ESTATES,293,,,,,,0,0,0,0, ,161,161, 
MI0064213,MEADOWBROOK MED CARE FACILITY,154,,,,,,0,0,0,0, ,2,2, 
MI0040172,MEADOWLANE MOBILE HOME PARK,650,,,,,,0,0,0,0, ,483,483, 
MI0040470,MEMORY LANE MOBILE HOME PARK,340,,,,,,,,,0, ,200,200, 
MI0003831,THE LEELANAU SCHOOL,82,,,,,,0,0,0,0, ,15,15, 
MI0004230,"MEMPHIS, CITY OF","1,084",,,,,,0,0,0,0, ,441,441, 
MI0004260,MERIDIAN TOWNSHIP,"25,600",,,,,,0,0,0,0, ,"13,072","13,072", 
MI0004276,"MERRILL, VILLAGE OF",695,,,,,,0,0,0,0, ,380,380, 
MI0004280,MERRITT TOWNSHIP,"1,474",,,,,,0,0,0,0, ,578,578, 
MI0004098,MHOG SEWER & WATER AUTHORITY,"17,046",,,,,,0,0,0,0, ,"6,073","6,073", 
MI0004320,MICHIANA,182,,,,,,0,0,0,0, ,390,390, 
MI0040472,MICHIANA MOBILE HOME PARK,100,,,,,,,,,0, ,,, 
MI0004377,MIDLAND CHARTER TOWNSHIP,"1,348",,,,,,0,0,0,0, ,639,639, 
MI0004375,"MIDLAND CO., WATER DIST. NO. 1 OF","11,000",,,,,,0,0,0,0, ,"4,971","4,971", 
MI0007015,"MIDTOWN FLATS, LLC",218,,,,,,,,,0, ,,, 
MI0006631,MILL STREET 1 LDHA,74,,,,,,0,0,0,0, ,5,5, 
MI0004397,"MILLERSBURG, VILLAGE OF",206,,,,,,0,0,0,0, ,104,104, 
MI0004403,MILLPOINTE OF HARTLAND,724,,,,,,0,0,0,0, ,206,206, 
MI0004410,"MINDEN CITY, VILLAGE OF",197,,,,,,0,0,0,0, ,107,107, 
MI0062658,MISSION POINT HEALTHCARE,86,,,,,,0,0,0,0, ,1,1, 
MI0004428,MISTY COVE SENIOR APARTMENTS,66,,,,,,0,0,0,0, ,1,1, 
MI0040571,MISTY MEADOWS MOBILE HOME PARK,45,,,,,,0,0,0,0, ,27,27, 
MI0040606,MITCHELL BROTHERS MOBILE HOME PARK,122,,,,,,0,0,0,0, ,61,61, 
MI0004440,MONITOR TOWNSHIP,"5,217",,,,,,0,0,0,0, ,"2,238","2,238", 
MI0004455,MONROE SOUTH COUNTY,"33,816",,,,,,0,0,0,0, ,"12,277","12,277", 
MI0040152,MONTROSE TRAILER PARK,105,,,,,,,,,0, ,,, 
MI0040452,MOON LAKE ESTATES,31,,,,,,,,,0, ,102,, 
MI0040643,MORRICE MEADOWS,258,,,,,,0,0,0,0, ,103,103, 
MI0040247,MORROW CROSSING MHC,150,,,,,,0,0,0,0, ,60,60, 
MI0004095,RIVERFRONT CONDOS OF NILES,90,,,,,,0,0,0,0, ,4,4, 
MI0004561,MUNISING INDUSTRIAL PARK,465,,,,,,0,0,0,0, ,10,10, 
MI0004577,MUSK CO NORTHSIDE WATER SYSTEM,"5,133",,,,,,0,0,0,0, ,"1,982","1,982", 
MI0004595,MYSTIC RIDGE L.L.C.,225,,,,,,0,0,,0, ,78,78, 
MI0004596,MYSTIC VIEW APARTMENTS,100,,,,,,,,,0, ,41,41, 
MI0004600,NAHMA TOWNSHIP,95,,,,,,0,0,0,0, ,68,68, 
MI0004605,NAPOLEON TOWNSHIP,444,,,,,,0,0,0,0, ,151,151, 
MI0004655,NEGAUNEE TOWNSHIP,961,,,,,,0,0,0,0, ,484,484, 
MI0040637,NESEN'S COUNTRYSIDE ACRES,95,,,,,,0,0,0,0, ,77,77, 
MI0004680,NEW BUFFALO,"1,900",,,,,,0,0,0,0, ,"1,768","1,768", 
MI0004690,"NEW HAVEN, VILLAGE OF","5,600",,,,,,,,,0, ,"1,648","1,648", 
MI0004730,NEWBERRY CORRECTIONAL FACILITY,"1,108",,,,,,0,0,0,0, ,31,31, 
MI0004750,NILES TOWNSHIP,"2,270",,,,,,0,0,0,0, ,689,689, 
MI0004753,NINE MILE POINTE,50,,,,,,0,0,0,0, ,10,10, 
MI0040616,NORTH BAY HARBOR CLUB,235,,,,,,,,,0, ,20,20, 
MI0040432,NORTH SHORE TRAILER PARK,68,,,,,,0,0,0,0, ,32,32, 
MI0060238,NORTH WOODS NURSING CENTER,71,,,,,,,,,0, ,3,3, 
MI0040039,NORTHERN COUNTRY ESTATES,53,,,,,,0,0,0,0, ,41,41, 
MI0040594,NORTHFIELD ESTATES,"1,620",,,,,,0,0,0,0, ,643,643, 
MI0004820,NORTHPORT COTTAGE OWNERS,240,,,,,,0,0,0,0, ,94,94, 
MI0040657,NORTHVILLE CROSSING,"1,890",,,,,,0,0,,0, ,756,756, 
MI0004845,NORTHVILLE TOWNSHIP,"32,103",,,,,,0,0,0,0, ,"8,975","8,975", 
MI0040453,NORTHWOODS COMMUNITY,238,,,,,,0,0,0,0, ,97,97, 
MI0040414,NOTTINGHAM FOREST MHP,185,,,,,,0,0,0,0, ,74,74, 
MI0040655,NP CREEK VALLEY NORTH,170,,,,,,0,0,0,0, ,63,63, 
MI0040079,NP CREEK VALLEY SOUTH,245,,,,,,0,0,0,0, ,134,134, 
MI0004873,OAK HAVEN,30,,,,,,0,0,0,0, ,19,19, 
MI0040391,OAK HILL ESTATES MHC,"1,260",,,,,,0,0,0,0, ,468,468, 
MI0004876,OAK LANE APARTMENTS,60,,,,,,0,0,0,0, ,2,2, 
MI0004874,OAK LEAF MANOR,36,,,,,,0,0,0,0, ,3,3, 
MI0040266,OAKFIELD MOBILE HOME PARK,55,,,,,,0,0,0,0, ,22,22, 
MI0005573,OAKLAND HUNT SUBDIVISION,610,,,,,,0,0,0,0, ,262,262, 
MI0040678,OAKS OF ROCKFORD,860,,,,,,0,0,0,0, ,428,428, 
MI0040222,OAKVIEW MOBILE ESTATES,102,,,,,,,,,0, ,48,48, 
MI0004920,OCEANA ACRES,208,,,,,,0,0,0,0, ,9,9, 
MI0004935,OGEMAW TOWNSHIP,125,,,,,,0,0,0,0, ,30,30, 
MI0040156,OLD ORCHARD ESTATES,296,,,,,,0,0,0,0, ,200,200, 
MI0005005,"OMER, CITY OF",279,,,,,,0,0,0,0, ,181,181, 
MI0040067,ONTARIO PLACE,248,,,,,,0,0,0,0, ,154,154, 
MI0005030,ONTONAGON,"2,607",,,,,,0,0,0,0, ,"1,431","1,431", 
MI0004877,SOUTHEAST OAKLAND TOWNSHIP,"1,859",,,,,,0,0,0,0, ,797,797, 
MI0040647,ORCHARD COVE,255,,,,,,0,0,0,0, ,120,120, 
MI0040503,ORCHARD GROVE,725,,,,,,0,0,0,0, ,290,290, 
MI0004878,SOUTHWEST OAKLAND TOWNSHIP,"4,909",,,,,,0,0,0,0, ,"2,066","2,066", 
MI0005031,ORCHARD LAKE VILLAGE,"2,194",,,,,,0,0,0,0, ,911,911, 
MI0040399,ORION LAKE ESTATES MHC,"1,058",,,,,,,,,0, ,92,92, 
MI0005037,OSBORN LAKE ESTATES,92,,,,,,0,0,0,0, ,45,45, 
MI0005065,OTSEGO TOWNSHIP,"1,133",,,,,,0,0,0,0, ,228,, 
MI0005110,"OWENDALE, VILLAGE OF",241,,,,,,0,0,0,0, ,110,110, 
MI0005138,OXFORD TOWNSHIP,"10,090",,,,,,0,0,0,0, ,"3,215","3,215", 
MI0005150,OYSTER POINTE CONDOMINIUMS,30,,,,,,0,0,0,0, ,15,15, 
MI0040310,PARK VIEW COURT,63,,,,,,0,0,0,0, ,25,25, 
MI0040340,PARKS PLACE ESTATES,72,,,,,,,,,0, ,29,29, 
MI0005160,RICHMOND TOWNSHIP,489,,,,,,0,0,,0, ,210,, 
MI0040284,PARKWOOD GREEN,270,,,,,,,,,0, ,,, 
MI0005205,PARMA TOWNSHIP AMBERTON VILL.,378,,,,,,0,0,0,0, ,109,109, 
MI0005204,"PARMA, VILLAGE OF",768,,,,,,,,,0, ,247,247, 
MI0005209,PAW PAW APTS   WEST MAPLE LAKE,40,,,,,,0,0,0,0, ,2,2, 
MI0040062,PAW PAW LAKE MH PARK,122,,,,,,0,0,0,0, ,49,49, 
MI0005235,PENNY LAKE ESTATES SUBDIVISION,390,,,,,,0,0,0,0, ,122,122, 
MI0005220,"PECK, VILLAGE OF",632,,,,,,,,,0, ,267,267, 
MI0005233,PENINSULA TOWNSHIP,"1,790",,,,,,,,,0, ,581,581, 
MI0005268,PERE MARQUETTE TWP   WELLS,455,,,,,,0,0,0,0, ,312,312, 
MI0005305,PETOSKEY PARK APARTMENTS,70,,,,,,0,0,0,0, ,1,1, 
MI0005322,"PINCKNEY, VILLAGE OF","2,515",,,,,,0,0,0,0, ,775,775, 
MI0005335,PINCONNING TOWNSHIP,"1,479",,,,,,0,0,0,0, ,612,612, 
MI0005345,PINECREST APARTMENTS,57,,,,,,0,0,0,0, ,3,3, 
MI0005290,PETERSBURG,"1,115",,,,,,,,,0, ,550,550, 
MI0005351,PINEVIEW HOMES,25,,,,,,0,0,0,0, ,10,10, 
MI0005353,PINEHURST APARTMENTS,55,,,,,,0,0,0,0, ,2,2, 
MI0005355,PIRATES COVE CONDOMINIUMS,38,,,,,,0,0,0,0, ,19,19, 
MI0005315,PHEASANT RUN MANOR APARTMENTS,360,,,,,,,0,0,0, ,15,15, 
MI0005360,PITTSFIELD TOWNSHIP,"24,500",,,,,,0,0,0,0, ,"7,785","7,785", 
MI0040494,PHELPS MOBILE HOME VILLA,87,,,,,,0,0,0,0, ,35,35, 
MI0040086,PHOENIX MOBILE HOME COURT,82,,,,,,0,0,0,0, ,26,26, 
MI0005370,PLAINFIELD TOWNSHIP,"42,271",,,,,,0,0,0,0, ,"12,460","12,460", 
MI0005380,PLAINWELL,"3,998",,,,,,0,0,0,0, ,"1,421","1,421", 
MI0005397,PLUM CREEK SUB,102,,,,,,0,0,0,0, ,45,45, 
MI0040525,PINE ACRES MOBILE HOME PARK,50,,,,,,0,0,0,0, ,33,33, 
MI0005425,POINT NIPIGON RESORT,173,,,,,,0,0,0,0, ,69,69, 
MI0040481,PINE CREST MOBILE HOME PARK,208,,,,,,0,0,0,0, ,75,75, 
MI0040609,PINE HAVEN ESTATES MHC,125,,,,,,,,,0, ,,, 
MI0005430,POINTE AUX BARQUES TOWNSHIP,178,,,,,,0,0,0,0, ,74,74, 
MI0040577,PINE ISLAND LAKE REC PARK,75,,,,,,0,0,0,0, ,30,30, 
MI0005460,PORT AUSTIN AREA SEWER & WATER,"1,004",,,,,,0,0,0,0, ,736,736, 
MI0002000,"PINE KNOLL APARTMENTS, LLC",100,,,,,,,,,0, ,4,4, 
MI0005475,PORT HOPE GORE RUBICON U. A.,"1,058",,,,,,0,0,0,0, ,612,612, 
MI0040670,PINE LAKES MANUFACTURED HOMES,230,,,,,,0,0,0,0, ,184,184, 
MI0005520,PORTAGE,"46,292",,,,,,0,0,0,0, ,"14,801","14,801", 
MI0040603,"PINE RIDGE COMMUNITY, INC.",122,,,,,,0,0,0,0, ,50,50, 
MI0005527,PORTAGE POINT INN,125,,,,,,0,0,0,0, ,51,51, 
MI0040601,PINE RIDGE MOBILE HOME COMMUNITY,490,,,,,,,,,0, ,83,83, 
MI0005540,PORTSMOUTH TOWNSHIP,535,,,,,,0,0,0,0, ,225,225, 
MI0040672,PINE RIVER RIDGE,425,,,,,,0,0,0,0, ,215,215, 
MI0040446,PINE TERRACE ESTATES,80,,,,,,0,0,0,0, ,59,, 
MI0005543,"POSEN, VILLAGE OF",234,,,,,,0,0,0,0, ,120,120, 
MI0040210,PINE VIEW MOBILE HOME PARK,50,,,,,,0,0,0,0, ,21,21, 
MI0005550,"POTTERVILLE, CITY OF","2,617",,,,,,0,0,0,0, ,737,737, 
MI0005563,POWERS SPALDING WATER AUTHORITY,459,,,,,,0,0,0,0, ,169,169, 
MI0040464,PINEWOOD ON THE LAKE MHP,950,,,,,,0,0,0,0, ,359,359, 
MI0005566,PRAIRIE VILLAGE APARTMENTS,38,,,,,,0,0,0,0, ,6,6, 
MI0005570,PRESCOTT HIDDEN CREEK MANOR,38,,,,,,0,0,0,0, ,3,3, 
MI0060695,PLAINWELL PINES H C F,58,,,,,,0,0,0,0, ,1,1, 
MI0040167,PLEASANT BEACH MOBILE HOME RESORT,250,,,,,,0,0,0,0, ,116,116, 
MI0040504,PLEASANT LAKE PARK LLC,60,,,,,,0,0,,0, ,24,24, 
MI0005606,WEST PARK APARTMENTS,54,,,,,,0,0,0,0, ,6,6, 
MI0005607,RAPID RIVER MEADOWS,46,,,,,,0,0,0,0, ,20,20, 
MI0005610,RAVENNA,"1,219",,,,,,0,0,0,0, ,574,574, 
MI0005655,REMUS APARTMENT COMPANY,100,,,,,,0,0,0,0, ,2,2, 
MI0005673,RIDGEWAY,31,,,,,,0,0,0,0, ,2,2, 
MI0005675,RIGA TOWNSHIP,266,,,,,,0,0,0,0, ,132,132, 
MI0040491,PORT OF CALL   WEST,105,,,,,,,,,0, ,61,61, 
MI0005692,RIVERBROOKE HOME OWNERS ASSOCIATION,37,,,,,,0,0,0,0, ,16,16, 
MI0005500,"PORT SANILAC, VILLAGE OF",623,,,,,,,0,0,0, ,448,448, 
MI0005723,ROCHESTER EAST,"5,500",,,,,,0,0,0,0, ,"1,747","1,747", 
MI0005770,"ROGERS CITY, CITY OF","2,827",,,,,,0,0,0,0, ,"1,495","1,495", 
MI0040253,PORTAGE TERRACE,202,,,,,,0,0,,0, ,82,82, 
MI0005775,ROLLING MEADOWS WATER ASSN.,76,,,,,,0,0,0,0, ,31,31, 
MI0005815,"ROSE CITY, CITY OF",180,,,,,,0,0,0,0, ,66,66, 
MI0005816,ROSE HILL CENTER,70,,,,,,0,0,0,0, ,3,3, 
MI0005821,ROSEVILLE APARTMENTS,32,,,,,,0,0,0,0, ,4,4, 
MI0005823,ROSEBUSH ESTATES APARTMENTS,30,,,,,,0,0,0,0, ,1,1, 
MI0005841,ROYAL VIEW RETIREMENT VILLAGE,80,,,,,,0,0,0,0, ,1,1, 
MI0005844,RUDYARD TOWNSHIP,250,,,,,,0,0,0,0, ,192,192, 
MI0005849,SADDLE RIDGE CONDO ASSOC.,156,,,,,,0,0,0,0, ,230,230, 
MI0005860,SAGINAW CHARTER TOWNSHIP,"40,840",,,,,,0,0,0,0, ,"15,271","15,271", 
MI0005901,SALINE VALLEY FARMS,375,,,,,,0,0,,0, ,156,156, 
MI0040490,PROSPECT MANOR MHC,94,,,,,,0,0,0,0, ,52,52, 
MI0005903,SAND BEACH TOWNSHIP,475,,,,,,0,0,0,0, ,207,207, 
MI0040456,QUIET COVE TRAILER PARK,70,,,,,,0,0,0,0, ,44,, 
MI0005905,SANDHILL MANOR,148,,,,,,0,0,0,0, ,12,12, 
MI0005907,SAND LAKE,360,,,,,,0,0,0,0, ,227,227, 
MI0040021,RABBIT RIVER ESTATES,255,,,,,,0,0,0,0, ,100,100, 
MI0005925,SANILAC TOWNSHIP,674,,,,,,0,0,0,0, ,523,523, 
MI0005990,SEBEWAING LIGHT & WATER,"1,721",,,,,,0,0,0,0, ,980,980, 
MI0067101,REGENCY AT WHITMORE LAKE,190,,,,,,,,,0, ,125,125, 
MI0005991,SENEY TOWNSHIP,100,,,,,,0,0,0,0, ,91,91, 
MI0005995,SHANTY CREEK   WATARS ASSOCIATION,"1,250",,,,,,0,0,0,0, ,70,70, 
MI0006010,SHELBY TOWNSHIP,"72,000",,,,,,0,0,0,0, ,"24,808","24,808", 
MI0040671,RIDGEWOOD MOBILE HOME PARK INC,"1,030",,,,,,0,0,0,0, ,455,455, 
MI0040663,RIVER RIDGE   SALINE,720,,,,,,0,0,0,0, ,288,288, 
MI0040515,RIVERSBEND MOBILE HOME PARK,180,,,,,,0,0,0,0, ,51,51, 
MI0006071,"SILVER LAKE WATER AUTHORITY, INC.",250,,,,,,0,0,0,0, ,123,123, 
MI0040030,RIVERSIDE ESTATES,100,,,,,,0,0,0,0, ,43,43, 
MI0006072,VICINIA GARDENS,40,,,,,,0,0,0,0, ,4,4, 
MI0040065,RIVERSIDE ESTATES,218,,,,,,0,0,0,0, ,87,87, 
MI0006074,"SISTERS OF MARY, MOTHER OF EUCHARIST",100,,,,,,0,0,0,0, ,1,1, 
MI0040191,RIVERVIEW ESTATES,90,,,,,,0,0,0,0, ,36,36, 
MI0040288,RIVERVIEW MOBILE VILLAGE,392,,,,,,0,0,0,0, ,142,142, 
MI0006075,SKANDIA WEST BRANCH WATER DEPT,275,,,,,,0,0,0,0, ,81,81, 
MI0005712,RIVERWALK DEVELOPMENT,137,,,,,,,,,0, ,65,65, 
MI0006079,SODUS TOWNSHIP,1,,,,,,0,0,0,0, ,27,27, 
MI0006081,"SOMMERSET WATER WORKS, INC.",75,,,,,,0,0,0,0, ,14,14, 
MI0006115,SOUTH POINTE I APARTMENTS,32,,,,,,0,0,0,0, ,1,1, 
MI0006116,SOUTH POINTE II APARTMENTS,48,,,,,,0,0,0,0, ,1,1, 
MI0006117,SOUTH POINTE III APARTMENTS,32,,,,,,0,0,0,0, ,2,2, 
MI0006120,SOUTH RANGE,745,,,,,,0,0,0,0, ,349,349, 
MI0006130,SOUTH ROCKWOOD,"1,587",,,,,,0,0,0,0, ,561,561, 
MI0006210,SPAULDING TOWNSHIP,"2,153",,,,,,0,0,0,0, ,780,780, 
MI0006232,SPRING LAKE CLUB CONDOMINIUMS,87,,,,,,0,0,0,0, ,4,4, 
MI0006250,SPRINGPORT,800,,,,,,0,0,0,0, ,271,271, 
MI0005824,ROSEBUSH MANOR,25,,,,,,,,,0, ,1,1, 
MI0040307,ROUND LAKE ESTATES,30,,,,,,0,0,0,0, ,108,108, 
MI0040255,ROYAL ESTATES,380,,,,,,0,0,0,0, ,183,183, 
MI0006325,ST. LOUIS CENTER,56,,,,,,0,0,0,0, ,13,13, 
MI0006370,SPSM,"7,166",,,,,,0,0,0,0, ,63,63, 
MI0006380,STEPHENSON,862,,,,,,0,0,0,0, ,419,419, 
MI0040495,RUSH LAKE MHP/CAMPGROUND,41,,,,,,0,0,0,0, ,20,20, 
MI0040104,RUSTIC ACRES PARK,108,,,,,,0,0,0,0, ,69,69, 
MI0006423,STONE RIDGE,367,,,,,,0,0,,0, ,137,137, 
MI0006428,"STONEHEDGE CLUB OWNERS ASSOCIATION, INC.",95,,,,,,0,0,0,0, ,49,49, 
MI0006446,SUGAR LOAF TOWNHOUSES,150,,,,,,0,0,0,0, ,72,72, 
MI0006448,SUMMERSET MEADOWS,100,,,,,,0,0,0,0, ,74,74, 
MI0006450,SUMMIT TOWNSHIP,"25,355",,,,,,0,0,0,0, ,"7,870","7,870", 
MI0006470,"SUNFIELD, VILLAGE OF",680,,,,,,0,0,0,0, ,250,250, 
MI0006480,SUNNYDALE GARDENS WATER ASSOCIATION,190,,,,,,0,0,0,0, ,40,40, 
MI0040592,SANDHILL ESTATES,75,,,,,,0,0,0,0, ,50,50, 
MI0006484,SUNSET BEACH ASSOCIATION,29,,,,,,0,0,0,0, ,18,18, 
MI0040447,SANDPIPER ESTATES,215,,,,,,0,0,0,0, ,93,93, 
MI0006490,SUPERIOR TOWNSHIP,"6,830",,,,,,0,0,0,0, ,"2,632","2,632", 
MI0006502,SWAN CREEK TOWNSHIP,"2,023",,,,,,0,0,0,0, ,"1,008","1,008", 
MI0006505,"SWARTZ CREEK, CITY OF","5,800",,,,,,0,0,0,0, ,"2,226","2,226", 
MI0040013,SAPPHIRE ESTATES MOBILE HOME PARK,138,,,,,,0,0,0,0, ,55,55, 
MI0006508,SWIFT LAKE FARMS,60,,,,,,0,0,0,0, ,24,24, 
MI0040575,SASHABAW MEADOWS MHP,"1,278",,,,,,,,,0, ,100,100, 
MI0006531,SYLVAN TOWNSHIP,263,,,,,,0,0,0,0, ,154,154, 
MI0006532,TALL OAKS CONDOMINUMS,65,,,,,,0,0,0,0, ,26,26, 
MI0006537,TANNERY CREEK CONDOMINUM ASSOCIATION,90,,,,,,0,0,0,0, ,8,8, 
MI0006552,TAYMOUTH TOWNSHIP,"2,033",,,,,,0,0,0,0, ,766,766, 
MI0040168,SECORD LAKE MHP,43,,,,,,0,0,0,0, ,48,48, 
MI0006562,TEKONSHA,722,,,,,,0,0,0,0, ,324,324, 
MI0040024,SELKIRK LAKE MOBILE HOME PARK,62,,,,,,0,0,0,0, ,24,24, 
MI0006569,THE LIGHTHOUSE TRAVERSE CITY LLC,55,,,,,,0,0,0,0, ,6,6, 
MI0040025,"SHADY ACRES COMMUNITY, LLC",147,,,,,,0,0,0,0, ,59,59, 
MI0006571,THE BLUFFS AT GULL LAKE,180,,,,,,0,0,0,0, ,4,4, 
MI0040496,SHADY BROOK MOBILE HOME PARK,50,,,,,,,,,0, ,13,13, 
MI0006574,THE SHORES ON CROOKED LAKE,57,,,,,,0,0,0,0, ,1,1, 
MI0040026,SHANGRAI LA VILLAGE,165,,,,,,0,0,0,0, ,66,66, 
MI0006575,SUGARTREE APARTMENTS,375,,,,,,0,0,0,0, ,7,7, 
MI0006580,THOMAS TOWNSHIP,"11,931",,,,,,0,0,0,0, ,"4,595","4,595", 
MI0006592,THORN CREEK CONDOMINIUMS,50,,,,,,0,0,0,0, ,22,22, 
MI0040351,SHERIDAN ESTATES,65,,,,,,0,0,0,0, ,26,26, 
MI0040242,SHERMAN OAKS,915,,,,,,0,0,0,0, ,366,366, 
MI0006690,TROY,"85,854",,,,,,0,0,0,0, ,"29,334","29,334", 
MI0006696,TWIN LAKES SUBDIVISION,598,,,,,,0,0,0,0, ,187,187, 
MI0040519,SILVER CREEK ESTATES MOBILE HOME COURT,260,,,,,,,,,0, ,104,104, 
MI0006730,"UNIONVILLE, VILLAGE OF",508,,,,,,0,0,0,0, ,267,267, 
MI0040322,SILVER LAKE MOBILE HOME PARK,68,,,,,,0,0,0,0, ,26,26, 
MI0040175,SILVER LAKE VIEW MOBILE HOME PARK,98,,,,,,0,0,0,0, ,49,49, 
MI0006763,VALLEY SIDE APARTMENTS,45,,,,,,0,0,0,0, ,3,3, 
MI0006765,VALLEYWOOD COVE CONDOMINIUM ASSOCIATION,50,,,,,,0,0,0,0, ,50,50, 
MI0040176,SILVER SHORES MOBILE HOME PARK,360,,,,,,0,0,0,0, ,210,210, 
MI0006790,"VERMONTVILLE, VILLAGE OF",780,,,,,,0,0,0,0, ,352,352, 
MI0006792,V F W NATIONAL HOME,150,,,,,,0,0,0,0, ,52,52, 
MI0040184,SOMERSET CENTRE ESTATES,368,,,,,,,,,0, ,147,147, 
MI0006803,VILLA NOUVA ASSOCIATION,72,,,,,,0,0,0,0, ,14,14, 
MI0040076,SOMERSET MOBILE HOME PARK,64,,,,,,0,0,0,0, ,56,56, 
MI0006820,WOODLAND CENTER CORRECTIONAL FACILITY,210,,,,,,0,0,,0, ,10,10, 
MI0006875,"WALLED LAKE, CITY OF","5,452",,,,,,0,0,0,0, ,"2,307","2,307", 
MI0006880,WALLOON LAKE WATER SYSTEM,399,,,,,,0,0,0,0, ,223,223, 
MI0006905,WASHINGTON TOWNSHIP,"15,828",,,,,,0,0,0,0, ,"7,025","7,025", 
MI0006960,WEBBER TOWNSHIP,15,,,,,,0,0,0,0, ,13,13, 
MI0006971,WEDGEWOOD GOLFSIDE CONDO ASSOC,125,,,,,,0,0,0,0, ,52,52, 
MI0007012,WEST BRANCH TOWNSHIP,61,,,,,,0,0,0,0, ,80,80, 
MI0007057,WEST TRAVERSE TOWNSHIP,414,,,,,,0,0,0,0, ,172,172, 
MI0040060,SOUTHTOWN MHP,160,,,,,,0,0,0,0, ,68,68, 
MI0007061,WHITE EAGLE SUBDIVISION,224,,,,,,0,0,0,0, ,70,70, 
MI0007062,WHITE DEER VILLAGE,20,,,,,,0,0,0,0, ,18,18, 
MI0007063,WHITEFORD TOWNSHIP,303,,,,,,0,0,0,0, ,165,165, 
MI0007064,WHITE LAKE ASSISTED LIVING CENTER,26,,,,,,0,0,0,0, ,2,2, 
MI0006235,SPRING LAKE TOWNSHIP,"9,393",,,,,,,,,0, ,"4,441","4,441", 
MI0007067,WHITE OAKS CONDOMINIUMS,45,,,,,,0,0,0,0, ,24,24, 
MI0007085,T.J. WHITE PINE MANOR APARTMENTS,32,,,,,,0,0,0,0, ,1,1, 
MI0040327,SPRINGBROOK ESTATES MHC,990,,,,,,,,,0, ,80,80, 
MI0007101,WHITMORE LAKE APARTMENTS,281,,,,,,0,0,,0, ,7,7, 
MI0040397,SPRINGROVE MHC,"1,060",,,,,,0,0,0,0, ,424,424, 
MI0007104,WHITTEMORE SQUARE APARTMENTS,30,,,,,,0,0,0,0, ,25,25, 
MI0007125,WILLIAMS TOWNSHIP,"5,444",,,,,,0,0,0,0, ,"2,104","2,104", 
MI0007126,WINDJAMMER COVE CONDOMINIUMS,30,,,,,,0,0,0,0, ,17,17, 
MI0007134,WISNER AREA WATER SYSTEM,504,,,,,,0,0,0,0, ,250,250, 
MI0007180,WOODHAVEN,"12,875",,,,,,0,0,0,0, ,"3,905","3,905", 
MI0007182,WOODLAND PARK APARTMENTS,16,,,,,,0,0,0,0, ,1,1, 
MI0040323,STARLIGHT MOBILE HOME PARK,79,,,,,,0,0,0,0, ,48,48, 
MI0040443,STODDARD MOBILE HOME COURT,285,,,,,,0,0,0,0, ,125,125, 
MI0040199,STONEGATE MOBILE HOME COMMUNITY,647,,,,,,0,0,0,0, ,308,308, 
MI0040007,TOPAZ MOBILE HOME PARK,115,,,,,,0,0,0,0, ,43,43, 
MI0040177,SUBURBAN ESTATES MHP,150,,,,,,0,0,0,0, ,78,78, 
MI0040256,SUGARLOAF MOBILE HOME PARK,142,,,,,,,,,0, ,58,, 
MI0040187,SUMMER WOOD ESTATES,170,,,,,,0,0,0,0, ,71,71, 
MI0006460,SUMPTER TOWNSHIP,"9,576",,,,,,,,,0, ,"3,401","3,401", 
MI0006465,SUN MEADOWS APARTMENTS,98,,,,,,,,,0, ,8,8, 
MI0040047,THORNAPPLE LAKE ESTATES,538,,,,,,0,0,0,0, ,215,215, 
MI0040466,SUNRISE MHP,120,,,,,,0,0,0,0, ,48,48, 
MI0040416,SUNSET ESTATES GAYLORD,50,,,,,,0,0,0,0, ,20,20, 
MI0040313,SUNSET MHP,53,,,,,,0,0,0,0, ,50,50, 
MI0040449,SUNSET MOBILE HOME PARK,263,,,,,,0,0,0,0, ,105,105, 
MI0040662,SUNSET RIDGE MHC,360,,,,,,0,0,0,0, ,455,455, 
MI0040653,SUNSET SHORES,200,,,,,,0,0,0,0, ,80,80, 
MI0040090,TWIN PINES MOBILE HOME PARK,182,,,,,,0,0,0,0, ,73,73, 
MI0040164,SWARTZ CREEK MEADOWS,400,,,,,,0,0,0,0, ,168,168, 
MI0040105,WHITE PINES MOBILE HOME PARK,90,,,,,,0,0,0,0, ,35,35, 
MI0040314,SYLVAN GLEN ESTATES,"1,015",,,,,,0,0,0,0, ,476,476, 
MI0040110,TOWN AND COUNTRY MHP,85,,,,,,0,0,0,0, ,40,40, 
MI0040426,TALLMADGE MEADOWS,268,,,,,,0,0,0,0, ,109,109, 
MI0040124,WINDSOR ESTATES,718,,,,,,0,0,0,0, ,471,471, 
MI0040337,TAMARAC VILLAGE,873,,,,,,0,0,0,0, ,328,328, 
MI0040131,TRADEWINDS MOBILE HOME PARK,54,,,,,,0,0,0,0, ,,29, 
MI0060937,THE LAURELS OF FULTON,50,,,,,,0,0,0,0, ,1,1, 
MI0005229,THE PENINSULA DEVELOPMENT LLC,270,,,,,,,,,0, ,117,117, 
MI0040640,THE PINES,65,,,,,,0,0,0,0, ,42,42, 
MI0066695,THE PINES OF GOODRICH,40,,,,,,0,0,0,0, ,2,2, 
MI0066700,THE PORCHES,25,,,,,,0,0,0,0, ,3,3, 
MI0064934,THE VILLA AT ROSE CITY,102,,,,,,0,0,0,0, ,1,1, 
MI0040203,WINDMILL PARK,950,,,,,,0,0,0,0, ,487,487, 
MI0060425,THORNAPPLE MANOR,328,,,,,,0,0,0,0, ,3,3, 
MI0040497,THREE MILE LAKE TRAILER PARK,112,,,,,,,,,0, ,28,28, 
MI0040294,WHITE CREEK COUNTRY ESTATES,300,,,,,,0,0,0,0, ,177,177, 
MI0006624,TILLICUM FARMS,216,,,,,,,,,0, ,75,75, 
MI0040296,WOODLAND ESTATES,268,,,,,,0,0,0,0, ,107,107, 
MI0040574,TIMBER COUNTRY MOBILE HOME PARK,75,,,,,,0,0,0,0, ,35,35, 
MI0040363,TIMBERLINE ESTATES,755,,,,,,0,0,0,0, ,267,267, 
MI0006647,TREETOPS RESORT (TREETOPS NORTH),90,,,,,,,0,0,0, ,11,11, 
MI0040325,UNIVERSITY MOBILE ESTATES #2,148,,,,,,0,0,0,0, ,69,69, 
MI0006693,TULLYMORE CLUBHOUSE AND CAMELOT VILLAGE,50,,,,,,,,,0, ,25,25, 
MI0040330,WASHINGTON MHP,268,,,,,,0,0,0,0, ,107,107, 
MI0040410,TWIN PINES MOBILE HOME PARK,30,,,,,,0,0,0,0, ,36,36, 
MI0040658,TYRONE WOODS,733,,,,,,,,,0, ,403,403, 
MI0040404,WOODLANDS MHC,650,,,,,,0,0,0,0, ,374,374, 
MI0040435,WHISPERING OAKS MHP,40,,,,,,0,0,0,0, ,26,26, 
MI0040498,VIKING RIVER MOBILE HOME PARK,55,,,,,,0,0,0,0, ,17,17, 
MI0060792,VILLA AT GREEN LAKE ESTATES,86,,,,,,0,0,0,0, ,2,2, 
MI0007099,VILLAGE AT EAGLE GARDENS,193,,,,,,,,,0, ,77,77, 
MI0040480,WOOD VALLEY,348,,,,,,0,0,0,0, ,140,140, 
MI0040500,WHISPERING PINES ESTATES,125,,,,,,0,0,0,0, ,50,50, 
MI0040501,WOLF LAKE MOBILE HOME PARK,99,,,,,,0,0,0,0, ,45,45, 
MI0040561,WHITE BIRCH ESTATES,87,,,,,,0,0,0,0, ,51,51, 
MI0040673,WATERS EDGE MH COMMUNITY,180,,,,,,0,0,0,0, ,80,80, 
MI0040576,WHISPERING PINES,125,,,,,,0,0,0,0, ,50,50, 
MI0040614,WEST OLIVE ESTATES,"1,850",,,,,,0,0,0,0, ,743,743, 
MI0040639,WOODS AND FIELDS COMMUNITIES EAST,528,,,,,,0,0,0,0, ,324,324, 
MI0040293,WELLERS TRAILER PARK,52,,,,,,,,,0, ,21,21, 
MI0040650,WEST PINE ISLAND,75,,,,,,0,0,0,0, ,30,30, 
MI0067020,WEST HICKORY HAVEN,100,,,,,,,,,0, ,1,, 
MI0040669,WOODLAND RIDGE,"1,080",,,,,,0,0,0,0, ,544,544, 
MI0007035,WESTBROOK APARTMENTS,330,,,,,,,,,0, ,105,105, 
MI0004754,WESTERN PINES APARTMENTS,50,,,,,,,,,0, ,,, 
MI0007050,"WESTPHALIA, VILLAGE OF",925,,,,,,,,,0, ,415,415, 
MI0040516,WHITE BIRCH MOBILE HOME VILLAGE,250,,,,,,,,,0, ,251,251, 
MI0007185,WOODRUFF LAKE CONDOMINIUMS,95,,,,,,,,,0, ,60,60, 
MI0040326,WOODLAND PARK AND SALES,125,,,,,,,,,0, ,63,63, 
MI0040455,WOODS AND FIELDS COMMUNITIES WEST,185,,,,,,0,0,0,0, ,72,72, 
MI0007186,WOODS OF LOCHAVEN,2,,,,,,0,0,0,0, ,1,1, 
MI0003856,WORTH TOWNSHIP,"3,854",,,,,,0,0,0,0, ,"1,937","1,937", 
MI0007217,WYNSTONE SUBDIVISION,"1,146",,,,,,0,0,0,0, ,359,359, 
MI0040585,YANKEE SPRINGS MEADOWS,710,,,,,,0,0,0,0, ,274,274, 
MI0007231,YANKEE SPRINGS TOWNSHIP,660,,,,,,0,0,0,0, ,278,278, 
MI0007235,YODER APARTMENTS,90,,,,,,,,,0, ,4,4, 
MI0007240,YORK CONDOMINIUMS,74,,,,,,0,0,0,0, ,11,11, 
MI0007280,"ZILWAUKEE, CITY OF","1,534",,,,,,0,0,0,0, ,770,770, 
MI0003200,"HOLLY, VILLAGE OF","8,557",,,,,,Not Received,,,, ,,, 
MI0000580,BELLEVILLE,"3,964",,,,,,Not Received,,,, ,,, 
MI0003747,LAKETOWN TOWNSHIP,"3,200",,,,,,Not Received,,,, ,,, 
MI0003220,HOMER,"1,668",,,,,,Not Received,,,, ,,, 
MI0005050,"OTISVILLE, VILLAGE OF",864,,,,,,Not Received,,,, ,,, 
MI0002292,EASTERN MICHIGAN NAZARENE DISTRICT CENTE,250,,,,,,Not Received,,,, ,,, 
MI0062955,MAJESTIC CARE OF FLUSHING,150,,,,,,Not Received,,,, ,,, 
MI0040240,MY PLACE AT PLEASANT LAKE,145,,,,,,Not Received,,,, ,,, 
MI0040162,"WESTHAVEN MOBILE HOME PARK, LLC",122,,,,,,Not Received,,,, ,,, 
MI0005039,ORCHARD PLACE MANOR APARTMENTS,120,,,,,,Not Received,,,, ,,, 
MI0040027,SWAN LAKE MOBILE ESTATES,100,,,,,,Not Received,,,, ,,, 
MI0040154,NORTH DORT MANOR LTD,100,,,,,,Not Received,,,, ,,, 
MI0040091,MY PLACE AT TWIN VALLEY,88,,,,,,Not Received,,,, ,,, 
MI0040200,"MASON MOBILE, LLC",88,,,,,,Not Received,,,, ,,, 
MI0005136,OXFORD VILLAGE CONDOMINIUMS,80,,,,,,Not Received,,,, ,,, 
MI0040140,MY PLACE AT HERITAGE ESTATES,75,,,,,,Not Received,,,, ,,, 
MI0040226,MICHIGAN AVENUE ESTATES,75,,,,,,Not Received,,,, ,,, 
MI0040202,WILLOW VILLAGE,65,,,,,,Not Received,,,, ,,, 
MI0040241,MY PLACE AT CATTAIL ESTATES,58,,,,,,Not Received,,,, ,,, 
MI0001692,MACK. CO. HOUSING CURTIS,50,,,,,,Not Received,,,, ,,, 
MI0002145,MACK. CO. HOUSING ENGADINE,50,,,,,,Not Received,,,, ,,, 
MI0003131,HIDDEN GLEN APARTMENTS,50,,,,,,Not Received,,,, ,,, 
MI0005395,GREEN BROOK ESTATES,40,,,,,,Not Received,,,, ,,, 
MI0003857,SERENE GARDENS OF DEWITT,39,,,,,,Not Received,,,, ,,, 
MI0003117,HERITAGE APARTMENTS,30,,,,,,Not Received,,,, ,,, 
MI0002838,GREAT LAKES WATER AUTHORITY,,,,,,,Not Received,,,, ,,, 
MI0002943,HALE HOMESTEAD APARTMENTS,72,,,,,,Not Received,,,, ,,,"2,025"
MI0001353,CHATEAUX DU LAC CONDOMINIUMS,80,,,,,,0,0,0,0, ,40,40,"2,024"
MI0040656,COUNTRY MANOR,190,,,,,,0,0,0,0, ,78,78,"2,024"
MI0003120,HERMANSVILLE HOUSING COMM.,36,,,,,,0,0,0,0, ,1,1,"2,024"
MI0003942,ISLAND LAKE APARTMENTS,65,,,,,,0,0,0,0, ,3,3,"2,024"
MI0003615,KENT RIDGE APARTMENTS,120,,,,,,0,0,0,0, ,2,2,"2,024"
MI0004647,NAZARENE CAMP,648,,,,,,,,,0, ,338,338,"2,024"
MI0006885,WALNUT LANE APARTMENTS,50,,,,,,0,0,0,0, ,1,1,"2,024"
MI0000815,BOYNE MOUNTAIN RESORT,950,,,,,,0,0,0,0, ,156,156,"2,023"
MI0002079,EL RANCHO ALANSON,274,,,,,,0,0,0,0, ,139,139,"2,023"
MI0003132,HIDDEN HAMLET ASSOCIATION,465,,,,,,0,0,0,0, ,156,156,"2,023"
MI0004340,MICHIGAN STATE UNIVERSITY,"12,793",,,,,,0,0,0,0, ,339,339,"2,023"
MI0040370,HESS LAKE RV AND MOBILE HOME PARK,160,,,,,,Not Received,,,, ,,,"2,023"
MI0040212,NORTHERN PINES,13,,,,,,Not Received,,,, ,,,"2,023"
MI0001552,COLONY BAY CONDOMINIUMS,75,,,,,,0,0,0,0, ,25,25,"2,022"
MI0005349,"COTTAGE HS, LLC (PINEVIEW COTTAGE)",40,,,,,,0,0,0,0, ,1,1,"2,022"
MI0001657,COUNTRY VIEW MANOR CONDOS,62,,,,,,0,0,0,0, ,9,9,"2,022"
MI0062841,MEDILODGE OF STERLING,39,,,,,,,,,0, ,3,,"2,022"
MI0005911,SANDY PINES,157,,,,,,,,,0, ,54,54,"2,022"
MI0040477,WASHBURN LAKE VILLAGE MHP,108,,,,,,0,0,0,0, ,44,44,"2,022"
MI0000680,"BEULAH, VILLAGE OF",380,,,,,,0,0,0,0, ,308,308,"2,021"
MI0001253,CEDAR HILL ASSISTED LIVING,45,,,,,,0,0,0,0, ,1,1,"2,021"
MI0001669,LAKESIDE APARTMENTS,30,,,,,,0,0,,0, ,20,20,"2,021"
MI0060675,MEADOW WOODS N/R CENTER,78,,,,,,0,0,0,0, ,1,1,"2,021"
MI0004404,MILLS TOWNSHIP,450,,,,,,0,0,0,0, ,219,219,"2,021"
MI0040042,BARRY'S RESORT,125,,,,,,0,0,0,0, ,53,53,"2,020"
MI0000740,BLACKMAN TOWNSHIP,"14,817",,,,,,0,0,0,0, ,"2,858","2,858","2,020"
MI0002273,FENTON HARBOR CONDOMINIUMS,40,,,,,,0,0,0,0, ,14,14,"2,020"
MI0040194,HAMLIN MOBILE HOME PARK,458,,,,,,0,0,,0, ,230,230,"2,020"
MI0000236,ARBOR RIDGE CONDOMINIUMS,58,,,,,,0,0,0,0, ,12,12,"2,019"
MI0000324,AUSABLE VALLEY COMMUNITY,147,,,,,,0,0,0,0, ,12,12,"2,019"
MI0040649,COVENTRY WOODS MHC,823,,,,,,0,0,0,0, ,195,195,"2,019"
MI0002030,EAU CLAIRE,610,,,,,,0,0,0,0, ,262,262,"2,019"
MI0002659,GLENNWOODS SUBDIVISION,77,,,,,,0,0,0,0, ,34,34,"2,019"
MI0003228,HOPE NETWORK   WEST LAKE  FACILITY,48,,,,,,0,0,0,0, ,12,12,"2,019"
MI0003598,KELLOGG BIOLOGICAL STATION,100,,,,,,,,,0, ,10,10,"2,019"
MI0006042,SHERWOOD SHORES CONDOMINIUMS,90,,,,,,0,0,0,0, ,37,37,"2,019"
MI0007065,WHITE LAKE TOWNSHIP,"5,799",,,,,,0,0,0,0, ,"2,419","2,419","2,019"
MI0005445,LAKEVIEW CHALET CONDOMINIUMS,50,,,,,,Not Received,,,, ,,,"2,019"
MI0000877,BRILEY TOWNSHIP,435,,,,,,0,0,0,0, ,163,163,"2,018"
MI0001648,COUNTRY LIVING ADULT FOSTER CARE,56,,,,,,0,0,0,0, ,2,2,"2,018"
MI0040029,GUN RIVER ESTATES WEST,152,,,,,,,,,0, ,61,61,"2,018"
MI0040123,MAPLE KNOLL,125,,,,,,,,,0, ,50,50,"2,018"
MI0004215,"MELROSE CHANDLER WATER, LLC",261,,,,,,0,0,0,0, ,84,84,"2,018"
MI0006073,SIMS WHITNEY UTILITIES AUTH.,"5,815",,,,,,0,0,0,0, ,"1,744","1,744","2,018"
MI0004070,MARCELLUS,"1,198",,,126,223,349,0,0,0,0,1,479,479, 
MI0003650,"KINGSLEY, VILLAGE OF","1,657",2,,214,38,254,0,0,0,0,1,640,640, 
MI0004190,"MCBAIN, CITY OF",640,66,60,,,126,,0,0,0,1,256,256, 
MI0003670,L'ANSE,"2,300",18,18,,,36,0,0,0,0,1,"1,145","1,145", 
MI0003310,HUNTINGTON WOODS,"6,200",27,4,,,31,0,0,0,0,1,"2,499","2,499", 
MI0003410,IRON RIVER,"3,019",11,1,7,3,22,0,0,0,0,1,"1,636","1,636", 
MI0006720,UNION CITY,"1,630",,5,4,11,20,0,0,0,0,1,700,700, 
MI0001530,COLOMA,"1,555",6,3,3,,12,,,,0,1,,, 
MI0000790,BLOOMFIELD TOWNSHIP,"41,070",9,,,,9,0,0,0,0,1,"15,150","15,150", 
MI0004480,"MONTROSE, CITY OF","1,657",,,,7,7,0,0,0,0,1,668,668, 
MI0005920,"SANDUSKY, CITY OF","2,679",,,2,4,6,0,0,0,0,1,"1,043","1,043", 
MI0007120,"WILLIAMSTON, CITY OF","3,917",3,2,,,5,0,0,0,0,1,"1,419","1,419", 
MI0003525,KALAMAZOO LAKE SEWER & WATER AUTHORITY,"5,000",,,1,3,4,0,0,0,0,1,61,61, 
MI0001640,"CORUNNA, CITY OF","2,028",2,,,,2,0,0,0,0,1,885,885, 
MI0001650,COTTRELLVILLE TOWNSHIP,"3,200",,1,1,,2,0,0,0,0,1,798,798, 
MI0002680,GOBLES,725,2,,,,2,0,0,0,0,1,294,294, 
MI0003195,HOLLAND TOWNSHIP CONSOLIDATED,"26,100",,2,,,2,0,0,0,0,1,"13,078","13,078", 
MI0007220,WYOMING,"72,125",2,,,,2,,,,0,1,"23,407","23,407", 
MI0001210,CASPIAN,997,1,,,,1,0,0,0,0,1,482,482, 
MI0000600,BENTON HARBOR,"9,103",191,"3,056",24,,"3,271",0,0,0,0,1,"4,531","4,531","2,021"
MI0001420,"CLARE, CITY OF","3,118",60,,7,,67,0,0,0,0,1,"1,071","1,071","2,020"
MI0003820,LAWRENCE,"1,045",1,,,1,2,,,,0,1,391,391,"2,020"
MI0001740,DEARBORN HEIGHTS,"57,774",,5,9,,14,Not Received,,,,1,,,"2,020"
MI0003780,"LAPEER, CITY OF","8,841",1,1,111,21,134,1,0,0,1,1,"3,558","3,559","2,019"
MI0004550,MUIR,604,1,182,,,183,0,4,0,4,1,278,282, 
MI0006240,SPRINGFIELD,"3,833",2,,15,,17,0,0,1,1,1,"1,693","1,694", 
MI0001610,COOPERSVILLE,"4,519",5,14,33,18,70,0,8,0,8,1,"1,442","1,450", 
MI0006030,"SHEPHERD, VILLAGE OF","1,515",4,,3,264,271,0,32,0,32,1,560,, 
MI0002125,EMMETT TOWNSHIP,"2,550",39,,,,39,0,7,0,7,1,907,914, 
MI0004620,NASHVILLE,"1,628",,99,163,,262,0,50,0,50,1,556,606, 
MI0007010,"WEST BRANCH, CITY OF","2,139",,59,95,6,160,2,29,0,31,1,901,932, 
MI0003390,IRA TOWNSHIP,"8,679",6,4,,1,11,2,1,,3,1,"1,396","1,399", 
MI0005100,"OVID, CITY OF","1,612",,,3,174,177,0,45,9,54,1,607,661, 
MI0005720,ROCHESTER,"7,130",18,10,6,7,41,0,9,4,13,1,"2,468","2,481", 
MI0005320,"PIGEON, VILLAGE OF","1,208",5,1,,,6,2,0,0,2,1,590,592, 
MI0000710,BIG RAPIDS,"10,403",49,,135,,184,0,0,64,64,1,"2,535","2,599", 
MI0000730,BIRMINGHAM,"20,472",216,204,83,27,530,153,2,33,188,1,"8,968","9,156","2,019"
MI0002770,"GRAND LEDGE, CITY OF","8,701",7,16,,11,34,4,10,0,14,1,"2,967","2,981", 
MI0001950,"EASTPOINTE, CITY OF","32,442",182,50,513,"1,084","1,829",779,0,0,779,1,"12,725","13,504","2,023"
MI0005420,PLYMOUTH TOWNSHIP,"27,524",3,3,1,16,23,5,6,0,11,1,"10,105","10,116", 
MI0004700,"NEW LOTHROP, VILLAGE OF",610,,4,,,4,0,2,0,2,1,257,259, 
MI0006910,WATERFORD TOWNSHIP,"73,441",,,,2,2,1,0,0,1,1,"25,026","25,027", 
MI0007270,ZEELAND BOARD OF PUBLIC WORKS,"8,328",81,138,246,133,598,31,269,0,300,1,"2,169","2,469", 
MI0005210,PAW PAW,"3,362",3,432,68,19,522,0,56,208,264,1,31,295, 
MI0002180,"ESSEXVILLE, CITY OF","3,478",103,65,74,,242,0,0,125,125,1,"1,415","1,540","2,020"
MI0000150,"ALMONT, VILLAGE OF","2,674",7,20,,3,30,0,0,16,16,1,"1,055","1,071", 
MI0001690,"CROSWELL, CITY OF","2,447",,,,9,9,5,0,0,5,1,307,312, 
MI0004020,MANCHESTER,"2,150",12,13,20,57,102,38,19,1,58,1,759,817,"2,021"
MI0000350,"BALDWIN, VILLAGE OF","1,060",,,116,10,126,23,5,51,79,1,328,407, 
MI0003460,"ITHACA, CITY OF","3,098",,8,41,11,60,0,38,,38,1,"1,102","1,140", 
MI0002080,"ELBERTA, VILLAGE OF",372,,,36,58,94,0,35,44,79,1,154,233, 
MI0000660,BESSEMER,"1,619",17,25,48,20,110,47,0,46,93,1,958,"1,051", 
MI0002490,FREMONT,"4,516",10,14,16,5,45,0,39,0,39,1,"1,504","1,543", 
MI0003800,LATHRUP VILLAGE,"4,075",16,5,3,6,30,1,0,25,26,1,"1,765","1,791", 
MI0005130,"OXFORD, VILLAGE OF","3,540",16,32,50,47,145,,57,69,126,1,"1,189","1,315", 
MI0000320,AUGUSTA,885,7,,5,10,22,10,12,0,22,1,363,385, 
MI0004180,"MAYVILLE, VILLAGE OF",950,9,,,,9,,,9,9,1,409,418, 
MI0006000,SHELBY,"1,964",2,2,235,76,315,57,289,0,346,0,454,800, 
MI0000220,ANN ARBOR,"118,017",112,137,103,63,415,0,471,2,473,0,"25,402","25,875", 
MI0005650,"REED CITY, CITY OF","2,425",24,34,54,100,212,66,192,0,258,0,672,930, 
MI0004090,MARINE CITY,"4,652",26,20,,6,52,38,23,4,65,0,"1,837","1,902", 
MI0001520,"COLEMAN, CITY OF","1,243",,,,4,4,0,5,0,5,0,548,553, 
MI0000940,BROWNSTOWN TOWNSHIP,"33,194",1,,1,8,10,7,6,,13,0,"9,019","9,032", 
MI0005020,ONSTED,907,,,,107,107,6,,134,140,0,218,358, 
MI0004390,"MILFORD, VILLAGE OF","6,366",6,3,24,31,64,1,83,0,84,0,"2,402","2,486", 
MI0002820,GRANDVILLE,"15,948",,,29,44,73,0,100,0,100,0,"5,347","5,447", 
MI0004470,MONTAGUE,"2,479",24,77,46,18,165,71,184,0,255,0,874,"1,129", 
MI0003840,"LESLIE, CITY OF","1,872",11,,21,21,53,81,1,,82,0,693,775,"2,022"
MI0003520,KALAMAZOO,"192,992",940,829,363,810,"2,942","4,328",286,0,"4,614",0,"42,326","46,940", 
MI0006830,WAKEFIELD,"1,808",,,,14,14,17,2,3,22,0,962,984, 
MI0006200,SPARTA,"4,140",5,21,16,18,60,0,56,49,105,0,"1,530","1,635", 
MI0005850,"SAGINAW, CITY OF","44,058",713,"1,143",931,"1,133","3,920","6,317",0,736,"7,053",0,"19,769","26,822", 
MI0005010,"ONAWAY, CITY OF",880,5,10,,116,131,177,65,0,242,0,240,482, 
MI0000560,BELDING,"5,769",84,94,91,189,458,,884,,884,0,"1,001","1,885", 
MI0000130,ALLEN PARK,"28,210",8,55,15,43,121,236,0,0,236,0,"11,611","11,847", 
MI0002230,"FARMINGTON, CITY OF","11,597",10,3,6,7,26,0,20,31,51,0,"3,368","3,419", 
MI0000485,BAY CO. DEPT OF WATER & SEWER,"8,465",,4,4,,8,9,7,0,16,0,"3,029","3,045", 
MI0000590,"BELLEVUE, VILLAGE OF","1,282",2,,1,2,5,3,7,0,10,0,524,534, 
MI0005580,QUINCY,"1,544",,,32,,32,0,50,18,68,0,697,766, 
MI0006280,"ST. CLAIR SHORES, CITY OF","59,715",322,29,14,7,372,12,0,791,803,0,"27,206","28,009","2,021"
MI0000470,"BAY CITY, CITY OF","32,255",278,523,475,628,"1,904","3,323",879,0,"4,202",0,"9,826","14,028", 
MI0003420,IRONWOOD,"5,387",79,43,91,164,377,25,144,664,833,0,"2,174","3,007", 
MI0003740,"LAKE ORION, VILLAGE OF","2,973",25,,,2,27,33,27,,60,0,"1,340","1,400", 
MI0006545,TAYLOR,"63,409",7,5,28,15,55,124,0,0,124,0,"19,381","19,505", 
MI0005830,"ROYAL OAK, CITY OF","57,236",225,192,266,267,950,879,723,766,"2,368",0,"21,247","23,615","2,019"
MI0002300,FLAT ROCK,"10,541",,,32,44,76,178,0,12,190,0,"2,807","2,997", 
MI0001470,CLINTON,"2,336",5,8,44,30,87,159,30,44,233,0,663,896, 
MI0000120,ALLEGAN,"5,930",12,17,243,124,396,631,433,1,"1,065",0,656,"1,721", 
MI0004670,"NEW BALTIMORE, CITY OF","12,720",3,2,,2,7,6,13,,19,0,"3,993","4,012", 
MI0005710,RIVERVIEW,"12,486",7,8,7,23,45,84,1,38,123,0,"3,716","3,839","2,024"
MI0002270,"FENTON, CITY OF","11,746",90,24,45,18,177,0,302,183,485,0,"3,511","3,996", 
MI0006350,"STANDISH, CITY OF","1,509",3,,,1,4,0,11,0,11,0,697,708, 
MI0004990,"OLIVET, CITY OF","1,758",,,,1,1,,3,,3,0,375,378, 
MI0006310,ST JOSEPH,"8,789",130,199,222,170,721,"1,566",259,361,"2,186",0,"1,750","3,936", 
MI0002970,HAMTRAMCK,"22,413",179,361,429,790,"1,759",793,41,"4,551","5,385",0,840,"6,225","2,021"
MI0002280,FERNDALE,"22,105",555,611,501,516,"2,183",595,72,"6,143","6,810",0,"3,145","9,955","2,020"
MI0001500,COLDWATER,"13,822",23,62,86,170,341,972,97,0,"1,069",0,"2,399","3,468", 
MI0004250,MENOMINEE,"8,583",35,73,89,74,271,190,470,200,860,0,"3,281","4,141", 
MI0003170,HILLSDALE,"8,163",49,21,127,88,285,211,694,0,905,0,"1,677","2,582", 
MI0002170,ESCANABA,"13,659",87,240,240,655,"1,222","3,572",322,0,"3,894",0,"1,486","5,380", 
MI0004450,MONROE,"48,664",120,82,85,52,339,731,392,0,"1,123",0,"14,222","15,345", 
MI0004850,NORTON SHORES,"23,994",27,4,20,6,57,60,134,0,194,0,"8,646","8,840", 
MI0002870,GROSSE ILE TOWNSHIP,"10,371",3,2,1,2,8,28,0,0,28,0,"4,004","4,032", 
MI0002260,FENNVILLE,"1,459",10,11,5,,26,53,39,0,92,0,573,665, 
MI0002790,GRAND RAPIDS,"273,005",640,946,"2,478","1,419","5,483","19,430",0,394,"19,824",0,"60,142","79,963", 
MI0004220,MELVINDALE,"12,851",53,244,407,39,743,8,1,"2,750","2,759",0,"1,135","3,894","2,019"
MI0005840,ROYAL OAK TOWNSHIP,"1,864",2,1,16,9,28,7,3,97,107,0,659,766,"2,020"
MI0003550,"KALEVA, VILLAGE OF",464,,21,24,7,52,1,53,149,203,0,65,268, 
MI0005120,"OWOSSO, CITY OF","16,353",85,236,362,276,959,"1,950","1,809",13,"3,772",0,"2,873","6,645","2,020"
MI0002480,FREEPORT,483,1,8,3,2,14,0,51,5,56,0,127,183, 
MI0004360,MIDDLEVILLE,"3,309",10,2,6,30,48,73,123,0,196,0,"1,103","1,299", 
MI0006640,TRAVERSE CITY,"14,532",21,26,125,217,389,2,350,"1,239","1,591",0,"5,323","6,914", 
MI0006800,VICKSBURG,"2,906",59,13,1,8,81,272,74,0,346,0,"1,192","1,538", 
MI0002890,GROSSE POINTE FARMS,"9,757",14,14,14,14,56,244,0,0,244,0,"3,815","4,059", 
MI0003640,KINGSFORD,"5,480",10,26,6,281,323,"1,262",162,0,"1,424",0,"1,030","2,454", 
MI0006650,TRENTON,"18,544",10,14,9,3,36,155,4,0,159,0,"6,730","6,885", 
MI0002960,HAMPTON TOWNSHIP,"9,652",6,,7,,13,48,10,0,58,0,"3,587","3,645","2,019"
MI0005800,ROOSEVELT PARK,"3,831",7,5,39,23,74,224,107,0,331,0,"1,080","1,411", 
MI0005730,ROCKFORD,"7,160",,,42,47,89,44,357,0,401,0,"2,174","2,575", 
MI0001960,EAST GRAND RAPIDS,"11,637",65,47,86,180,378,375,58,"1,285","1,718",0,"2,201","3,919", 
MI0000260,ATHENS,956,1,5,13,10,29,0,127,7,134,0,313,447, 
MI0000390,BANGOR TOWNSHIP,"11,999",,5,,,5,12,12,0,24,0,"4,746","4,770", 
MI0004100,"MARION, VILLAGE OF",800,1,,,5,6,4,26,0,30,0,402,432, 
MI0002340,"FLUSHING, CITY OF","8,311",,,,1,1,0,5,0,5,0,"3,305","3,310", 
MI0005267,PERE MARQUETTE TWP   CUSTOMER,339,1,,,,1,0,5,,5,0,121,126, 
MI0002430,"FRANKFORT, CITY OF","1,286",38,,9,8,55,273,3,0,276,0,607,883, 
MI0007070,WHITE PIGEON,"1,640",86,2,5,5,98,494,4,0,498,0,155,653, 
MI0004120,MARQUETTE,"20,629",106,,,,106,0,0,543,543,0,"5,660","6,203","2,025"
MI0002050,ECORSE,"9,512",54,196,166,,416,"1,815",3,403,"2,221",0,"1,528","3,749", 
MI0000930,BROWN CITY,"1,316",5,,1,,6,4,29,0,33,0,465,498, 
MI0001340,"CHARLOTTE, CITY OF","9,074",34,25,75,28,162,13,459,425,897,0,"2,840","3,737", 
MI0002750,GRAND HAVEN,"10,412",10,26,191,12,239,"1,223",130,0,"1,353",0,"3,121","4,474", 
MI0001220,"CASS CITY, VILLAGE OF","2,428",20,19,6,5,50,36,248,0,284,0,714,998, 
MI0004170,"MASON, CITY OF","8,252",5,27,13,28,73,415,0,0,415,0,"2,102","2,517", 
MI0004240,MENDON,920,,,4,16,20,96,18,0,114,0,240,357, 
MI0004010,MANCELONA AREA WATER AND SEWER AUTHORITY,"3,900",27,9,8,14,58,0,334,0,334,0,"1,155","1,489", 
MI0005980,"SCOTTVILLE, CITY OF","1,536",,8,10,3,21,28,84,9,121,0,466,587, 
MI0004580,MUSKEGON HEIGHTS,"9,917",27,46,249,371,693,"3,940",95,0,"4,035",0,"1,119","5,154", 
MI0003700,"LAKE CITY, CITY OF",836,20,9,8,5,42,189,56,,245,0,260,505, 
MI0007100,WHITEHALL,"2,902",8,31,26,31,96,248,313,0,561,0,831,"1,392", 
MI0006260,"ST. CHARLES, VILLAGE OF","2,054",,3,50,20,73,0,19,408,427,0,524,951, 
MI0005390,PLEASANT RIDGE,"2,872",33,3,1,72,109,646,0,0,646,0,503,"1,149", 
MI0003360,INKSTER,"25,369",67,77,114,88,346,199,77,"1,792","2,068",0,"6,512","8,580","2,020"
MI0005530,PORTLAND,"3,883",,1,,103,104,0,359,268,627,0,"1,081","1,708", 
MI0002630,GIBRALTAR,"4,997",1,1,1,1,4,23,2,0,25,0,"1,186","1,211", 
MI0003140,HIGHLAND PARK,"8,977",59,365,12,12,448,"2,828",0,0,"2,828",0,686,"3,514","2,019"
MI0002550,GARDEN CITY,"27,625",7,37,68,29,141,315,0,577,892,0,"10,740","11,632","2,025"
MI0001750,DECATUR,"1,838",6,5,5,57,73,285,178,0,463,0,229,692, 
MI0002310,"FLINT, CITY OF","81,252",214,122,247,62,645,722,120,"3,283","4,125",0,"31,914","36,039", 
MI0004570,MUSKEGON,"37,213",336,180,446,609,"1,571","7,631","2,736",0,"10,367",0,"4,096","14,463", 
MI0003030,"HARRISON, CITY OF","1,100",,2,17,5,24,0,114,45,159,0,636,795, 
MI0001900,"DURAND, CITY OF","3,446",27,6,2,11,46,302,3,,305,0,"1,219","1,524", 
MI0005590,QUINNESEC,"1,200",3,,19,5,27,101,79,0,180,0,330,510, 
MI0003750,LAKEVIEW,"1,007",8,3,1,4,16,20,88,0,108,0,345,453, 
MI0003430,IRONWOOD TOWNSHIP,474,1,1,1,1,4,0,20,7,27,0,383,372, 
MI0002640,GLADSTONE,"4,632",11,7,11,20,49,318,15,0,333,0,"1,826","2,159", 
MI0006950,WAYNE,"17,593",43,44,153,399,639,112,182,"4,117","4,411",0,"1,504","5,915","2,023"
MI0000040,ADRIAN,"23,663",57,124,58,88,327,5,"2,280",0,"2,285",0,"3,876","6,161", 
MI0003980,"MACKINAW CITY, VILLAGE OF",897,,1,5,5,11,31,46,0,77,0,487,564, 
MI0004150,MARSHALL,"7,088",6,25,4,1,36,53,30,177,260,0,"2,549","2,809", 
MI0001130,"CARO, CITY OF","5,029",,2,6,7,15,29,8,75,112,0,"2,083","2,195", 
MI0000180,ALPHA,198,,4,,,4,3,9,18,30,0,96,126, 
MI0006101,SOUTH HAVEN AREA WATER & SEWER AUTHORITY,"9,133",59,101,45,69,274,31,203,"1,860","2,094",0,"2,981","5,075", 
MI0002520,"GAGETOWN, VILLAGE OF",388,,,,5,5,18,22,0,40,0,131,171, 
MI0006440,STURGIS,"11,920",69,30,45,51,195,"1,341",176,75,"1,592",0,"2,410","4,002", 
MI0006940,WAYLAND,"4,435",,,5,69,74,206,399,0,605,0,599,"1,204", 
MI0003490,JONESVILLE,"2,258",2,1,27,23,53,0,230,204,434,0,444,878, 
MI0004780,NORTH MUSKEGON,"3,786",42,54,22,16,134,692,461,0,"1,153",0,479,"1,632", 
MI0003190,HOLLAND BOARD OF PUBLIC WORKS,"49,687",71,113,118,86,388,"1,728","1,468",202,"3,398",0,"14,226","17,624", 
MI0003950,LOWELL,"4,150",3,3,29,32,67,11,69,509,589,0,805,"1,394", 
MI0004000,MADISON HEIGHTS,"29,694",8,7,7,6,28,232,0,15,247,0,"11,202","11,449", 
MI0000570,"BELLAIRE, VILLAGE OF","1,086",16,16,6,4,42,361,10,,371,0,218,589, 
MI0001730,DEARBORN,"109,976",328,,389,358,"1,075","7,306",0,"2,420","9,726",0,"22,998","32,724", 
MI0002510,GAASTRA,376,,,,7,7,7,14,44,65,0,117,182, 
MI0001800,DETROIT CITY OF,"633,218",204,"2,122","2,827","7,468","12,621","80,595",120,"39,073","119,788",0,"131,743","251,531", 
MI0005280,"PERRY, CITY OF","2,065",2,1,6,6,15,,137,8,145,0,682,827, 
MI0003870,LINCOLN PARK,"38,144",75,108,79,7,269,"2,647",0,0,"2,647",0,"12,684","15,331", 
MI0003400,IRON MOUNTAIN,"7,500",53,10,17,46,126,923,307,31,"1,261",0,"2,313","3,574", 
MI0002190,"EVART, CITY OF","1,742",42,,2,,44,156,286,0,442,0,232,674, 
MI0007260,YPSILANTI COMMUNITY UTILITY AUTHORITY,"53,988",20,67,18,22,127,155,364,758,"1,277",0,"19,135","20,412", 
MI0003830,LAWTON,"1,900",4,4,4,34,46,201,81,192,474,0,51,525, 
MI0003960,LUDINGTON,"8,184",95,65,68,49,277,1,"1,301","1,556","2,858",0,"1,095","3,953", 
MI0005970,SCHOOLCRAFT,"1,587",1,5,3,21,30,121,194,,315,0,331,646, 
MI0003060,HART,"2,126",5,,7,53,65,438,250,0,688,0,218,906, 
MI0000610,BENZONIA VILLAGE OF,511,,,,5,5,0,53,0,53,0,222,275, 
MI0000450,BATTLE CREEK   VERONA SYSTEM,"43,975",227,194,330,254,"1,005","3,614",167,"7,066","10,847",0,"7,936","18,783", 
MI0006320,"ST. LOUIS, CITY OF","6,976",8,5,13,19,45,4,381,108,493,0,965,"1,458", 
MI0001970,"EAST JORDAN, CITY OF","2,215",9,,9,,18,0,200,0,200,0,861,"1,061", 
MI0005690,RIVER ROUGE,"7,224",,,97,139,236,155,0,"2,481","2,636",0,371,"3,007", 
MI0003470,JACKSON,"33,165",338,103,186,368,995,"7,840",1,"3,360","11,201",0,"1,292","12,493", 
MI0004490,MORENCI,"2,220",2,,,65,67,63,29,667,759,0,179,938, 
MI0005620,READING,"1,078",,,4,,4,0,46,,46,0,481,527, 
MI0006930,WATERVLIET,"2,735",61,3,6,6,76,11,624,301,936,0,20,956, 
MI0000605,BENTON CHARTER TOWNSHIP,"6,768",1,2,1,5,9,33,7,71,111,0,"2,646","2,757","2,024"
MI0005440,PONTIAC,"63,600",146,133,258,314,851,101,"1,036","9,609","10,746",0,"8,759","19,505", 
MI0004520,"MOUNT MORRIS, CITY OF","3,086",4,5,6,6,21,63,59,149,271,0,876,"1,147", 
MI0000430,BARTON HILLS,450,2,1,3,1,7,0,3,90,93,0,48,141, 
MI0003100,HAZEL PARK,"16,400",32,29,31,80,172,568,0,"1,718","2,286",0,"4,776","7,062","2,020"
MI0001840,OSCEOLA TOWNSHIP,"1,391",8,3,3,3,17,71,11,146,228,0,193,421, 
MI0003090,HASTINGS,"7,350",9,7,34,62,112,783,767,0,"1,550",0,"1,113","2,663", 
MI0006230,SPRING LAKE,"2,512",4,7,17,52,80,,"1,110",,"1,110",0,137,"1,247", 
MI0000750,BLISSFIELD,"3,276",10,23,11,7,51,718,0,,718,0,828,"1,546", 
MI0001980,BREITUNG TWP. EAST KINGSFORD,"1,200",4,12,2,8,26,203,164,0,367,0,175,542, 
MI0005060,OTSEGO,"3,956",8,11,21,36,76,41,"1,065",0,"1,106",0,460,"1,566", 
MI0005950,SAULT STE MARIE,"14,689",3,2,7,14,26,199,186,,385,0,"4,880","5,265", 
MI0000650,BERRIEN SPRINGS,"1,910",5,,17,12,34,132,377,0,509,0,271,780, 
MI0004740,NILES,"14,215",14,17,33,26,90,414,8,969,"1,391",0,"4,254","5,645", 
MI0002880,"GROSSE POINTE, CITY OF","5,421",24,,35,26,85,113,5,"1,199","1,317",0,868,"2,185", 
MI0006560,TECUMSEH,"8,521",,,,2,2,2,0,29,31,0,"3,204","3,235", 
MI0004830,NORTHVILLE,"6,119",5,5,17,3,30,3,193,276,472,0,"2,087","2,559", 
MI0005400,PLYMOUTH,"9,132",9,1,8,26,44,173,109,414,696,0,"2,920","3,616", 
MI0001370,CHELSEA,"5,474",1,,,,1,0,0,16,16,0,"2,028","2,044", 
MI0002250,"FARWELL, VILLAGE OF",871,,,3,4,7,0,114,,114,0,234,348, 
MI0004030,"MANISTEE, CITY OF","6,200",3,4,19,23,49,257,541,0,798,0,"2,412","3,210","2,021"
MI0004560,MUNISING,"2,783",10,,4,8,22,0,84,322,406,0,677,"1,083", 
MI0005660,REPUBLIC TOWNSHIP,700,,,,4,4,0,5,69,74,0,250,324, 
MI0001300,"CENTRAL LAKE, VILLAGE OF",952,2,5,2,2,11,16,65,131,212,0,383,595, 
MI0001880,DUNDEE,"5,400",1,2,,6,9,5,170,,175,0,"1,726","1,901", 
MI0005034,ORONOKO TOWNSHIP,"1,610",2,3,9,6,20,400,0,0,400,0,210,610, 
MI0000630,BERKLEY,"14,970",35,111,77,54,277,97,2,"5,684","5,783",0,"1,125","6,908", 
MI0002900,GROSSE POINTE PARK,"11,555",2,6,7,81,96,"1,999",1,13,"2,013",0,"2,171","4,184", 
MI0005260,PENTWATER,857,,1,16,,17,112,114,133,359,0,457,816, 
MI0004710,NEWAYGO,"2,571",6,,8,,14,5,173,120,298,0,321,619, 
MI0005300,"PETOSKEY, CITY OF","8,979",5,10,23,5,43,5,159,840,"1,004",0,"2,451","3,455", 
MI0005810,"ROSCOMMON, VILLAGE OF","1,075",3,5,4,7,19,0,57,393,450,0,27,477, 
MI0002850,GREENVILLE,"8,816",20,,40,7,67,20,"1,627",0,"1,647",0,"1,389","3,036", 
MI0001860,DOWAGIAC,"6,350",3,3,6,47,59,"1,068",388,0,"1,456",0,"1,493","2,949","2,024"
MI0003070,HARTFORD,"2,688",,,25,,25,283,340,,623,0,282,905, 
MI0004040,MANISTIQUE,"3,197",12,4,6,7,29,0,81,685,766,0,696,"1,462", 
MI0006040,SHERIDAN,649,,,,1,1,0,29,0,29,0,251,280, 
MI0000910,BRONSON,"2,421",,4,4,13,21,298,319,0,617,0,320,937, 
MI0001990,"EAST LANSING, CITY OF","33,000",38,35,67,30,170,105,63,"4,971","5,139",0,"3,228","8,367", 
MI0006500,"SUTTONS BAY, VILLAGE OF",874,,4,1,,5,102,53,0,155,0,119,274, 
MI0003130,HESPERIA,954,3,,7,,10,187,46,83,316,0,36,410, 
MI0004510,"MOUNT CLEMENS, CITY OF","16,314",11,25,13,35,84,779,66,"1,817","2,662",0,"3,356","6,018", 
MI0002530,GALESBURG,"2,377",,,,1,1,9,23,0,32,0,778,810, 
MI0000140,"ALMA, CITY OF","9,182",,7,6,6,19,0,115,505,620,0,"2,379","2,999", 
MI0005640,REDFORD TOWNSHIP,"49,504",,12,109,30,151,94,0,"4,922","5,016",0,"15,310","20,326","2,024"
MI0001290,"CENTER LINE, CITY OF","8,257",2,5,47,,54,298,9,"1,617","1,924",0,880,"2,804", 
MI0001330,CHARLEVOIX,"3,124",1,5,9,19,34,76,164,979,"1,219",0,965,"2,184", 
MI0001440,CLAWSON,"11,825",5,4,4,7,20,561,0,165,726,0,"4,281","5,007", 
MI0001810,DEXTER,"4,500",,7,2,1,10,0,42,328,370,0,"1,492","1,862", 
MI0002350,FORD RIVER TOWNSHIP,385,1,1,,1,3,109,2,0,111,0,90,201, 
MI0004380,MILAN,"7,363",7,14,12,9,42,4,24,"1,565","1,593",0,"1,265","2,858", 
MI0000160,"ALPENA, CITY OF","10,128",25,14,18,51,108,7,76,"4,022","4,105",0,538,"4,643", 
MI0000240,"ARMADA, VILLAGE OF","1,794",,4,,,4,151,3,0,154,0,459,613, 
MI0004050,"MANTON, CITY OF","1,287",,1,5,3,9,0,102,247,349,0,189,538, 
MI0003660,"KINGSTON, VILLAGE OF",440,,,,4,4,0,0,163,163,0,21,184, 
MI0000960,BUCHANAN,"4,871",,1,2,10,13,132,426,0,558,0,"1,267","1,825", 
MI0006900,"WARREN, CITY OF","134,056",99,99,65,69,332,5,33,"15,573","15,611",0,"35,146","50,757", 
MI0003250,"HOWELL, CITY OF","10,068",23,6,,4,33,7,63,"1,485","1,555",0,"1,356","2,911", 
MI0004160,"MARYSVILLE, CITY OF","9,959",12,,4,5,21,6,0,992,998,0,"2,914","3,912", 
MI0000510,"BEAR LAKE, VILLAGE OF",318,,1,,2,3,0,146,0,146,0,52,198, 
MI0004720,NEWBERRY WATER & LIGHT,"2,000",5,5,4,2,16,90,715,0,805,0,56,861, 
MI0007210,WYANDOTTE,"25,883",30,53,27,75,185,241,11,"9,439","9,691",0,578,"10,269", 
MI0003000,"HARBOR BEACH, CITY OF","1,604",,4,3,5,12,0,9,656,665,0,148,813, 
MI0007060,WHITE CLOUD,"1,408",4,,2,,6,312,20,5,337,0,180,517, 
MI0004860,NORWAY,"3,314",8,6,6,5,25,2,271,"1,220","1,493",0,33,"1,526", 
MI0000690,BEVERLY HILLS,"10,451",,,,2,2,0,2,125,127,0,"3,916","4,043","2,017"
MI0005240,PENTLAND TOWNSHIP,450,,,,1,1,0,0,64,64,0,168,232, 
MI0005820,"ROSEVILLE, CITY OF","47,299",3,3,4,8,18,108,127,983,"1,218",0,"17,285","18,503", 
MI0006270,"ST. CLAIR, CITY OF","5,485",,,7,14,21,0,73,"1,376","1,449",0,955,"2,404", 
MI0002020,"EATON RAPIDS, CITY OF","5,340",7,6,7,7,27,"1,469",0,446,"1,915",0,451,"2,366", 
MI0003340,"IMLAY CITY, CITY OF","3,579",3,,,,3,20,11,185,216,0,939,"1,155", 
MI0006360,STANTON,"1,417",,,,4,4,3,288,0,291,0,212,503, 
MI0004650,NEGAUNEE,"4,568",,,4,5,9,0,16,700,716,0,"1,140","1,856", 
MI0002600,"GAYLORD, CITY OF","3,629",5,,4,,9,176,166,413,755,0,"1,117","1,872", 
MI0001770,DEERFIELD,943,,,,3,3,0,37,216,253,0,154,407, 
MI0003020,HARPER WOODS,"14,236",8,10,10,,28,152,720,"1,597","2,469",0,"4,001","6,470","2,023"
MI0000100,ALBION,"9,144",,,4,3,7,609,18,0,627,0,"2,142","2,769", 
MI0005600,BESSEMER TOWNSHIP,551,3,,,,3,30,0,242,272,0,140,412, 
MI0006160,SOUTHFIELD,"71,739",1,1,1,14,17,1,1,"1,570","1,572",0,"18,532","20,104", 
MI0002920,GROSSE POINTE WOODS,"16,135",3,36,25,4,68,69,35,"6,448","6,552",0,322,"6,874", 
MI0005480,"PORT HURON, CITY OF","33,800",4,7,61,22,94,339,311,"9,323","9,973",0,"2,387","12,360", 
MI0001360,"CHEBOYGAN, CITY OF","5,500",3,,,12,15,23,52,"1,547","1,622",0,367,"1,989", 
MI0001480,CLINTON TOWNSHIP,"100,513",1,,10,4,15,0,0,"1,724","1,724",0,"25,723","27,447", 
MI0003880,CRYSTAL FALLS TOWNSHIP   LIND,990,,,,2,2,21,0,217,238,0,440,678, 
MI0006630,CRYSTAL FALLS TWP   TOWNLINE,350,,,,2,2,21,0,217,238,0,440,678, 
MI0002830,GRASS LAKE,"1,986",,,,2,2,0,0,242,242,0,394,636, 
MI0002840,"GRAYLING, CITY OF","1,884",1,,,1,2,,243,,243,0,503,746, 
MI0006170,SOUTHGATE,"30,047",30,5,17,35,87,192,"9,735",663,"10,590",0,16,"10,606", 
MI0003370,IONIA,"12,997",,,,16,16,0,139,"1,850","1,989",0,811,"2,800", 
MI0006970,"WEBBERVILLE, VILLAGE OF","1,503",,,,3,3,0,7,375,382,0,90,472, 
MI0006760,"UTICA, CITY OF","5,059",11,,,,11,6,99,"1,312","1,417",0,779,"2,196", 
MI0000420,BARODA,910,,,,2,2,0,6,282,288,0,57,345, 
MI0006975,WEST BLOOMFIELD TOWNSHIP,"49,479",,,3,,3,0,0,454,454,0,"16,925","17,379", 
MI0006300,"ST. JOHNS, CITY OF","7,896",3,3,4,4,14,894,6,"1,262","2,162",0,790,"2,952", 
MI0004110,"MARLETTE, CITY OF","1,875",5,,,,5,30,5,753,788,0,143,931, 
MI0006920,WATERSMEET TOWNSHIP,575,,,,1,1,0,31,127,158,0,60,218, 
MI0003280,HUDSON,"2,307",,1,3,1,5,30,25,760,815,0,169,984, 
MI0005785,ROMULUS,"23,989",3,11,8,11,33,43,14,"5,533","5,590",0,"2,853","8,443","2,017"
MI0001380,"CHESANING, VILLAGE OF","2,394",2,1,1,,4,20,8,652,680,0,437,"1,117", 
MI0000245,ASH TOWNSHIP,"5,959",2,,2,1,5,49,3,905,957,0,"1,484","2,441", 
MI0005490,PORT HURON TOWNSHIP,"10,654",1,,,1,2,1,11,380,392,0,744,"1,136", 
MI0003270,TORCH LAKE TOWNSHIP,946,,,,1,1,0,40,158,198,0,91,289, 
MI0002070,EDMORE,"1,256",1,,,1,2,1,4,418,423,0,157,580, 
MI0006610,THREE RIVERS,"7,905",,1,2,4,7,"1,420",83,39,"1,542",0,"1,153","2,695","2,024"
MI0006600,THREE OAKS,"1,622",1,1,1,,3,2,14,744,760,0,71,831, 
MI0006780,"VASSAR, CITY OF","2,697",,,,4,4,58,"1,001",,"1,059",0,,"1,059", 
MI0001250,CASSOPOLIS,"1,815",2,,,,2,274,286,1,561,0,210,771, 
MI0004880,OAK PARK,"29,654",1,1,1,1,4,0,0,"1,243","1,243",0,"9,601","10,844","2,019"
MI0001170,CARSON CITY,"3,322",,,,1,1,33,85,213,331,0,201,532, 
MI0003930,LIVONIA,"96,942",20,20,16,32,88,134,31,"29,973","30,138",0,"8,069","38,207","2,024"
MI0006420,"STOCKBRIDGE, VILLAGE OF","1,202",1,,,,1,354,4,0,358,0,168,526, 
MI0000110,"ALGONAC, CITY OF","4,110",,1,2,,3,0,29,"1,059","1,088",0,739,"1,827", 
MI0005670,"RICHMOND, CITY OF","5,733",,,,1,1,0,81,323,404,0,"2,204","2,608", 
MI0006284,ST. CLAIR WATER AND SEWER AUTHORITY,"5,847",,,,1,1,0,20,452,472,0,"1,364","1,836", 
MI0006110,"SOUTH LYON, CITY OF","11,055",,,,1,1,2,38,457,497,0,"3,233","3,730", 
MI0004370,"MIDLAND, CITY OF","42,547",,,2,,2,0,76,"1,070","1,146",0,"15,296","16,442", 
MI0005900,SALINE,"9,158",,,1,1,2,43,0,"1,468","1,511",0,"1,629","3,140", 
MI0007040,WESTLAND,"84,094",7,,2,2,11,0,166,"13,193","13,359",0,"15,095","28,454", 
MI0004530,MOUNT PLEASANT,"21,688",1,1,,1,3,2,20,"4,807","4,829",0,710,"5,539", 
MI0003440,ISHPEMING,"6,470",,,,1,1,0,7,"2,198","2,205",0,344,"2,549", 
MI0003726,SOUTHWEST MICHIGAN REGIONAL SANITARY SEW,"26,780",,,,,,2,18,"7,864","7,884",0,"5,581","13,465", 
MI0003320,HURON TWP,"15,879",,,,,,,"5,053",,"5,053",0,,"5,053", 
MI0004870,"NOVI, CITY OF","48,000",,,,,,0,0,"4,742","4,742",0,"10,334","15,076", 
MI0001773,DEERWOOD SUBDIVISION,"1,824",,,,,,0,1,"3,492","3,493",0,"2,952","6,445", 
MI0003175,HILLVIEW ESTATES SUBDIVISION,354,,,,,,0,1,"3,492","3,493",0,"2,952","6,445", 
MI0003342,INDEPENDENCE TOWNSHIP,"11,790",,,,,,0,1,"3,492","3,493",0,"2,952","6,445", 
MI0005035,ORION TOWNSHIP,"33,000",,,,,,0,0,"2,474","2,474",0,"5,148","7,622", 
MI0002745,CHARTER TOWNSHIP OF GRAND BLANC,"21,000",,,,,,,,"2,216","2,216",0,"5,225","7,441", 
MI0006385,"STERLING HEIGHTS, CITY OF","127,000",,,,,,0,0,"1,995","1,995",0,"37,900","39,895", 
MI0000980,BUENA VISTA TOWNSHIP,"8,676",,,,,,0,0,"1,637","1,637",0,"1,133","2,770", 
MI0002760,GRAND HAVEN TOWNSHIP,"15,051",,,,,,"1,422",116,0,"1,538",0,"3,225","4,763", 
MI0000800,"BOYNE CITY, CITY OF","3,735",,,,,,725,355,0,"1,080",0,491,"1,571", 
MI0000300,AUBURN,"2,087",,,,,,0,0,757,757,0,196,953, 
MI0001160,CARROLLTON TOWNSHIP,"6,103",,,,,,0,3,736,739,0,"1,677","2,416", 
MI0002910,GROSSE POINTE SHORES,"2,929",,,,,,1,0,689,690,0,429,"1,119", 
MI0000380,BANGOR,"2,000",,,,,,2,56,617,675,0,98,773, 
MI0003560,"KALKASKA, VILLAGE OF","2,020",,,,,,0,629,0,629,0,243,872, 
MI0040155,NORTH MORRIS ESTATES,313,,,,,,,,596,596,0,,596, 
MI0005780,"ROMEO, VILLAGE OF","3,750",,,,,,0,0,551,551,0,"1,024","1,575", 
MI0001664,CROCKERY TOWNSHIP,"1,847",,,,,,0,0,508,508,0,284,792, 
MI0001490,"CLIO, CITY OF","2,515",,,,,,0,109,381,490,0,330,820, 
MI0003810,LAURIUM,"1,947",,,,,,0,0,474,474,0,614,"1,088", 
MI0006530,SYLVAN LAKE,"2,155",,,,,,0,0,467,467,0,369,836, 
MI0003720,LAKE LINDEN,"1,203",,,,,,0,,435,435,0,143,578, 
MI0001030,"CADILLAC, CITY OF","10,355",,,,,,0,98,333,431,0,"3,444","3,875", 
MI0005330,"PINCONNING, CITY OF","1,204",,,,,,2,0,429,431,0,208,639, 
MI0002980,HANCOCK,"4,500",,,,,,0,0,412,412,0,"1,430","1,842", 
MI0006725,UNION TOWNSHIP,"12,927",,,,,,0,0,371,371,0,"1,639","2,010", 
MI0000520,BEAVERTON,"1,071",,,,,,0,0,361,361,0,91,452, 
MI0006710,"UBLY, VILLAGE OF",858,,,,,,0,14,325,339,0,87,426, 
MI0003240,HOWARD CITY,"1,800",,,,,,334,,,334,0,288,622, 
MI0006290,ST IGNACE,"2,987",,,,,,84,242,0,326,0,"1,193","1,519", 
MI0006282,ST. CLAIR TOWNSHIP,"3,270",,,,,,0,0,291,291,0,731,"1,022", 
MI0001000,BURR OAK,828,,,,,,0,0,272,272,0,74,346, 
MI0003330,PORTAGE TOWNSHIP,"1,214",,,,,,0,0,269,269,0,274,543, 
MI0006090,STAMBAUGH TOWNSHIP WEST BRULE,580,,,,,,0,0,260,260,0,206,466, 
MI0004400,"MILLINGTON, VILLAGE OF","1,072",,,,,,0,0,250,250,0,228,478, 
MI0001870,"DRYDEN, VILLAGE OF","1,034",,,,,,0,0,248,248,0,79,327, 
MI0004060,"MAPLE RAPIDS, VILLAGE OF",643,,,,,,0,247,0,247,0,66,313, 
MI0006540,"TAWAS CITY, CITY OF","1,827",,,,,,0,0,241,241,0,768,"1,009", 
MI0007135,"WIXOM, CITY OF","13,928",,,,,,0,4,224,228,0,"3,271","3,499", 
MI0002370,FORSYTH TOWNSHIP,"2,479",,,,,,0,104,123,227,0,605,832, 
MI0003450,ISHPEMING TWP   WEST,"2,148",,,,,,126,6,68,200,0,725,925, 
MI0001020,"BYRON, VILLAGE OF",581,,,,,,0,0,187,187,0,49,236, 
MI0040566,GLENWOOD ESTATES,585,,,,,,0,0,186,186,0,50,236, 
MI0006590,"THOMPSONVILLE, VILLAGE OF",438,,,,,,0,1,170,171,0,85,256, 
MI0002400,"FOWLERVILLE, VILLAGE OF","2,951",,,,,,0,,162,162,0,636,798, 
MI0002460,"FRASER, CITY OF","16,500",,,,,,0,0,159,159,0,"5,203","5,362", 
MI0000020,ADAMS TOWNSHIP,"2,010",,,,,,0,0,154,154,0,481,635, 
MI0000620,BERGLAND TOWNSHIP,210,,,,,,88,0,61,149,0,0,149, 
MI0006026,PORT SHELDON TOWNSHIP,407,,,,,,0,0,147,147,0,88,235, 
MI0007160,WOODBINE SUBDIVISION,375,,,,,,0,146,0,146,0,0,146, 
MI0005930,SARANAC,"1,343",,,,,,0,0,143,143,0,343,486, 
MI0004890,SOUTH SHORE WATER SYSTEM,488,,,,,,0,68,61,129,0,115,244, 
MI0005310,PEWAMO,476,,,,,,,113,,113,0,87,200, 
MI0004640,TILDEN TOWNSHIP,375,,,,,,,,111,111,0,29,140, 
MI0003350,STAMBAUGH TOWNSHIP INDIAN LAKE,290,,,,,,0,0,104,104,0,52,156, 
MI0040218,BROOMFIELD VALLEY,212,,,,,,0,,100,100,0,27,127, 
MI0002940,STAMBAUGH TWP   HAGERMAN LAKE,230,,,,,,0,0,100,100,0,77,177, 
MI0000410,BARAGA,"2,182",,,,,,0,0,92,92,0,655,747, 
MI0002130,"EMPIRE, VILLAGE OF",400,,,,,,0,0,92,92,0,286,378, 
MI0040006,COUNTRY ACRES MOBILE HOME PARK,282,,,,,,,,90,90,0,23,113, 
MI0002540,GARDEN,270,,,,,,0,0,89,89,0,61,150, 
MI0003050,"HARRISVILLE, CITY OF",493,,,,,,2,87,0,89,0,261,350, 
MI0040106,LAKE MICHIGAN HEIGHTS,270,,,,,,0,0,87,87,0,26,113, 
MI0004989,OLIVE/BLENDON TWPS,544,,,,,,0,0,86,86,0,95,181, 
MI0005750,ROCKWOOD,"3,289",,,,,,0,0,86,86,0,997,"1,083", 
MI0001335,CHARLEVOIX TOWNSHIP,"1,700",,,,,,0,0,84,84,0,656,740, 
MI0002945,HAMLET WEST PROPERTY OWNERS ASSOC,133,,,,,,0,0,76,76,0,0,76, 
MI0040028,VILLAGE EAST ESTATES,235,,,,,,,,75,75,0,19,94, 
MI0040368,LAKE FOREST PARK,185,,,,,,,74,,74,0,,74, 
MI0000370,"BANCROFT, VILLAGE OF",616,,,,,,,,71,71,0,126,197, 
MI0003968,LYON TOWNSHIP,"9,390",,,,,,3,0,67,70,0,"4,598","4,668", 
MI0001230,CASS LAKESIDE SUBDIVISION,700,,,,,,15,0,48,63,0,183,246, 
MI0001600,CONSTANTINE,"2,075",,,,,,0,,63,63,0,499,620, 
MI0005740,ROCKLAND TOWNSHIP,350,,,,,,15,45,3,63,0,76,142, 
MI0040441,PARKWOOD,58,,,,,,,62,,62,0,49,111, 
MI0002590,SHERMAN TOWNSHIP,40,,,,,,0,0,60,60,0,0,60, 
MI0006025,SHELDON DUNES,176,,,,,,0,0,60,60,0,32,92, 
MI0006850,WALDRON,538,,,,,,,,59,59,0,194,253, 
MI0040306,COUNTRY VILLA ESTATES,125,,,,,,0,0,58,58,0,15,73, 
MI0040369,HARDY PARK,140,,,,,,,56,,56,0,,56, 
MI0004770,"NORTH BRANCH, VILLAGE OF","1,021",,,,,,0,0,51,51,0,351,402, 
MI0040339,CIRCLE DRIVE MOBILE HOME PARK,125,,,,,,,50,,50,0,,50, 
MI0040342,HUNTERS CREEK ESTATES,125,,,,,,,50,,50,0,,50, 
MI0002120,"ELSIE, VILLAGE OF",966,,,,,,0,0,49,49,0,383,432, 
MI0006485,SUNSET TORCH ASSOCIATION,84,,,,,,0,0,49,49,0,0,49, 
MI0004310,"MESICK, VILLAGE OF",397,,,,,,0,47,0,47,0,136,183, 
MI0002944,HAMLET VILLAGE CONDOMINIUMS ASSOCIATION,126,,,,,,0,0,45,45,0,44,89, 
MI0005180,MAN NOR FARMS SUBDIVISION,193,,,,,,0,1,42,43,0,11,54, 
MI0005270,"PERRINTON, VILLAGE OF",439,,,,,,0,3,38,41,0,139,180, 
MI0004810,"NORTHPORT, VILLAGE OF",526,,,,,,0,2,38,40,0,325,365, 
MI0040002,ALLEGAN MOBILE ESTATES,100,,,,,,,,38,38,0,4,42, 
MI0001700,CRYSTAL FALLS,"1,922",,,,,,,38,,38,0,852,890, 
MI0007230,"YALE, CITY OF","1,900",,,,,,0,0,38,38,0,732,743, 
MI0007105,WILDWOOD ON WALLOON ASSOCIATION,90,,,,,,0,0,36,36,0,0,36, 
MI0005427,POLKTON TOWNSHIP,135,,,,,,0,0,33,33,0,15,48, 
MI0040230,SPRING VALLEY ESTATES,117,,,,,,0,0,33,33,0,61,94, 
MI0005575,PRESQUE ISLE HARBOR WATER CO.,845,,,,,,0,0,29,29,0,309,338, 
MI0002200,MCMILLAN TOWNSHIP,391,,,,,,0,0,28,28,0,129,157, 
MI0000700,POWELL TOWNSHIP,300,,,,,,0,0,27,27,0,88,115, 
MI0006770,VAN BUREN TOWNSHIP,"27,359",,,,,,0,0,24,24,0,"7,778","7,802", 
MI0040520,HWY M553 MOBILE ESTATES,50,,,,,,0,23,,23,0,6,29, 
MI0004590,MUSKEGON CO EASTSIDE WATER SYSTEM,"7,135",,,,,,22,1,0,23,0,"3,060","3,083", 
MI0001925,EAGLE LAKE CONDOMINIUMS,26,,,,,,,0,16,16,0,16,, 
MI0001040,CALUMET,726,,,,,,0,0,15,15,0,320,335, 
MI0004960,OLD FARM COLONY WATER ASSOCIATION,246,,,,,,0,,14,14,0,68,82, 
MI0000820,"BRECKENRIDGE, VILLAGE OF","1,339",,,,,,0,0,12,12,0,598,610, 
MI0002090,"ELK RAPIDS, VILLAGE OF","1,642",,,,,,0,10,0,10,0,"1,111","1,121", 
MI0003005,HARBOR HILLS SUBDIVISION ASSOCIATION,65,,,,,,0,0,10,10,0,15,25, 
MI0000050,AHMEEK,148,,,,,,0,9,0,9,0,98,107, 
MI0000400,BANGOR MONITOR METRO DISTRICT,"2,971",,,,,,0,0,8,8,0,"1,242","1,250", 
MI0002650,"GLADWIN, CITY OF","2,933",,,,,,0,0,8,8,0,"1,208","1,216", 
MI0003970,MACKINAC ISLAND,583,,,,,,,,8,8,0,106,114, 
MI0004800,UPPER MICHIGAN WATER COMPANY,"5,535",,,,,,8,0,0,8,0,"2,750","2,758", 
MI0007130,WINDWARD OWNERS ASSOCIATION,90,,,,,,0,0,8,8,0,12,20, 
MI0040345,RUMBAUGH ESTATES LLC,125,,,,,,0,0,7,7,0,51,58, 
MI0001046,CALUMET TOWNSHIP,50,,,,,,0,0,6,6,0,59,65, 
MI0005040,OSCODA TOWNSHIP,"6,997",,,,,,0,6,0,6,0,"3,706","3,712", 
MI0004685,NEW BUFFALO TOWNSHIP,"2,845",,,,,,0,4,0,4,0,"1,383","1,387", 
MI0003510,K I SAWYER,"3,000",,,,,,3,0,0,3,0,789,792, 
MI0006682,TROUT CREEK CONDOMINIUMS,492,,,,,,0,0,3,3,0,40,, 
MI0066355,ARGENTINE CARE CENTER,60,,,,,,0,0,2,2,0,0,2, 
MI0000347,BAIR LAKE BIBLE CAMP,372,,,,,,0,2,0,2,0,21,23, 
MI0004760,PENNFIELD TOWNSHIP,"3,916",,,,,,0,2,0,2,0,663,665, 
MI0005232,PENNFIELD TWP CONVIS/VERONA,1,,,,,,0,2,0,2,0,310,312, 
MI0006080,SOUTH BLOOMFIELD HIGHLANDS,621,,,,,,,,2,2,0,207,209, 
MI0002100,"ELKTON, VILLAGE OF",808,,,,,,0,1,0,1,0,375,376, 
MI0006070,SHOREWOOD HILLS SUBDIVISION,256,,,,,,0,0,13,13,0,59,72,"2,025"
MI0003435,LAKE ISABELLA WATER DIST. #1,327,,,,,,0,0,86,86,0,32,118,"2,024"
MI0003940,LOCH ALPINE SANITARY AUTHORITY,"1,506",,,,,,0,0,98,98,0,437,535,"2,023"
MI0003685,L'ARBRE CROCHE CLUB,330,,,,,,0,0,104,104,0,8,112,"2,021"
MI0003165,HILLS OF WALLOON ASSOCIATION,87,,,,,,0,0,30,30,0,3,33,"2,018"